material_label,paper_category,wavelength_um,emissivity,reflectivity,source_file
"Black Painted, Anodized Aluminum Disk",Anti-Infrared Coating,13.9326,0.90671,0.09329,alumdisk.prn
"Black Painted, Anodized Aluminum Disk",Anti-Infrared Coating,13.8581,0.90607,0.09393,alumdisk.prn
"Black Painted, Anodized Aluminum Disk",Anti-Infrared Coating,13.7844,0.90843,0.09157,alumdisk.prn
"Black Painted, Anodized Aluminum Disk",Anti-Infrared Coating,13.7115,0.91107,0.08893,alumdisk.prn
"Black Painted, Anodized Aluminum Disk",Anti-Infrared Coating,13.6393,0.9119,0.0881,alumdisk.prn
"Black Painted, Anodized Aluminum Disk",Anti-Infrared Coating,13.5679,0.91466,0.08534,alumdisk.prn
"Black Painted, Anodized Aluminum Disk",Anti-Infrared Coating,13.4972,0.91553,0.08447,alumdisk.prn
"Black Painted, Anodized Aluminum Disk",Anti-Infrared Coating,13.4273,0.92053,0.07947,alumdisk.prn
"Black Painted, Anodized Aluminum Disk",Anti-Infrared Coating,13.3581,0.91809,0.08191,alumdisk.prn
"Black Painted, Anodized Aluminum Disk",Anti-Infrared Coating,13.2896,0.91647,0.08353,alumdisk.prn
"Black Painted, Anodized Aluminum Disk",Anti-Infrared Coating,13.2218,0.92105,0.07895,alumdisk.prn
"Black Painted, Anodized Aluminum Disk",Anti-Infrared Coating,13.1546,0.92308,0.07692,alumdisk.prn
"Black Painted, Anodized Aluminum Disk",Anti-Infrared Coating,13.0882,0.92251,0.07749,alumdisk.prn
"Black Painted, Anodized Aluminum Disk",Anti-Infrared Coating,13.0224,0.92541,0.07459,alumdisk.prn
"Black Painted, Anodized Aluminum Disk",Anti-Infrared Coating,12.9573,0.92838,0.07162,alumdisk.prn
"Black Painted, Anodized Aluminum Disk",Anti-Infrared Coating,12.8929,0.92987,0.07013,alumdisk.prn
"Black Painted, Anodized Aluminum Disk",Anti-Infrared Coating,12.829,0.92869,0.07131,alumdisk.prn
"Black Painted, Anodized Aluminum Disk",Anti-Infrared Coating,12.7658,0.93181,0.06819,alumdisk.prn
"Black Painted, Anodized Aluminum Disk",Anti-Infrared Coating,12.7033,0.93127,0.06873,alumdisk.prn
"Black Painted, Anodized Aluminum Disk",Anti-Infrared Coating,12.6413,0.93134,0.06866,alumdisk.prn
"Black Painted, Anodized Aluminum Disk",Anti-Infrared Coating,12.5799,0.93428,0.06572,alumdisk.prn
"Black Painted, Anodized Aluminum Disk",Anti-Infrared Coating,12.5192,0.9392,0.0608,alumdisk.prn
"Black Painted, Anodized Aluminum Disk",Anti-Infrared Coating,12.459,0.93843,0.06157,alumdisk.prn
"Black Painted, Anodized Aluminum Disk",Anti-Infrared Coating,12.3994,0.93927,0.06073,alumdisk.prn
"Black Painted, Anodized Aluminum Disk",Anti-Infrared Coating,12.3403,0.94114,0.05886,alumdisk.prn
"Black Painted, Anodized Aluminum Disk",Anti-Infrared Coating,12.2818,0.94311,0.05689,alumdisk.prn
"Black Painted, Anodized Aluminum Disk",Anti-Infrared Coating,12.2239,0.94332,0.05668,alumdisk.prn
"Black Painted, Anodized Aluminum Disk",Anti-Infrared Coating,12.1665,0.9458,0.0542,alumdisk.prn
"Black Painted, Anodized Aluminum Disk",Anti-Infrared Coating,12.1097,0.94817,0.05183,alumdisk.prn
"Black Painted, Anodized Aluminum Disk",Anti-Infrared Coating,12.0533,0.9472,0.0528,alumdisk.prn
"Black Painted, Anodized Aluminum Disk",Anti-Infrared Coating,11.9975,0.94936,0.05064,alumdisk.prn
"Black Painted, Anodized Aluminum Disk",Anti-Infrared Coating,11.9422,0.9512,0.0488,alumdisk.prn
"Black Painted, Anodized Aluminum Disk",Anti-Infrared Coating,11.8875,0.95267,0.04733,alumdisk.prn
"Black Painted, Anodized Aluminum Disk",Anti-Infrared Coating,11.8332,0.95458,0.04542,alumdisk.prn
"Black Painted, Anodized Aluminum Disk",Anti-Infrared Coating,11.7794,0.95488,0.04512,alumdisk.prn
"Black Painted, Anodized Aluminum Disk",Anti-Infrared Coating,11.7261,0.95643,0.04357,alumdisk.prn
"Black Painted, Anodized Aluminum Disk",Anti-Infrared Coating,11.6733,0.95684,0.04316,alumdisk.prn
"Black Painted, Anodized Aluminum Disk",Anti-Infrared Coating,11.6209,0.95712,0.04288,alumdisk.prn
"Black Painted, Anodized Aluminum Disk",Anti-Infrared Coating,11.569,0.95816,0.04184,alumdisk.prn
"Black Painted, Anodized Aluminum Disk",Anti-Infrared Coating,11.5176,0.96108,0.03892,alumdisk.prn
"Black Painted, Anodized Aluminum Disk",Anti-Infrared Coating,11.4667,0.96245,0.03755,alumdisk.prn
"Black Painted, Anodized Aluminum Disk",Anti-Infrared Coating,11.4161,0.96393,0.03607,alumdisk.prn
"Black Painted, Anodized Aluminum Disk",Anti-Infrared Coating,11.3661,0.96437,0.03563,alumdisk.prn
"Black Painted, Anodized Aluminum Disk",Anti-Infrared Coating,11.3164,0.96772,0.03228,alumdisk.prn
"Black Painted, Anodized Aluminum Disk",Anti-Infrared Coating,11.2672,0.97058,0.02942,alumdisk.prn
"Black Painted, Anodized Aluminum Disk",Anti-Infrared Coating,11.2185,0.9734,0.0266,alumdisk.prn
"Black Painted, Anodized Aluminum Disk",Anti-Infrared Coating,11.1701,0.97516,0.02484,alumdisk.prn
"Black Painted, Anodized Aluminum Disk",Anti-Infrared Coating,11.1222,0.9775,0.0225,alumdisk.prn
"Black Painted, Anodized Aluminum Disk",Anti-Infrared Coating,11.0746,0.97604,0.02396,alumdisk.prn
"Black Painted, Anodized Aluminum Disk",Anti-Infrared Coating,11.0275,0.97871,0.02129,alumdisk.prn
"Black Painted, Anodized Aluminum Disk",Anti-Infrared Coating,10.9808,0.98071,0.01929,alumdisk.prn
"Black Painted, Anodized Aluminum Disk",Anti-Infrared Coating,10.9345,0.98213,0.01787,alumdisk.prn
"Black Painted, Anodized Aluminum Disk",Anti-Infrared Coating,10.8885,0.98347,0.01653,alumdisk.prn
"Black Painted, Anodized Aluminum Disk",Anti-Infrared Coating,10.8429,0.98542,0.01458,alumdisk.prn
"Black Painted, Anodized Aluminum Disk",Anti-Infrared Coating,10.7978,0.98918,0.01082,alumdisk.prn
"Black Painted, Anodized Aluminum Disk",Anti-Infrared Coating,10.753,0.98939,0.01061,alumdisk.prn
"Black Painted, Anodized Aluminum Disk",Anti-Infrared Coating,10.7085,0.99035,0.00965,alumdisk.prn
"Black Painted, Anodized Aluminum Disk",Anti-Infrared Coating,10.6645,0.99345,0.00655,alumdisk.prn
"Black Painted, Anodized Aluminum Disk",Anti-Infrared Coating,10.6208,0.99463,0.00537,alumdisk.prn
"Black Painted, Anodized Aluminum Disk",Anti-Infrared Coating,10.5774,0.99442,0.00558,alumdisk.prn
"Black Painted, Anodized Aluminum Disk",Anti-Infrared Coating,10.5344,0.99191,0.00809,alumdisk.prn
"Black Painted, Anodized Aluminum Disk",Anti-Infrared Coating,10.4918,0.99384,0.00616,alumdisk.prn
"Black Painted, Anodized Aluminum Disk",Anti-Infrared Coating,10.4495,0.99479,0.00521,alumdisk.prn
"Black Painted, Anodized Aluminum Disk",Anti-Infrared Coating,10.4075,0.99311,0.00689,alumdisk.prn
"Black Painted, Anodized Aluminum Disk",Anti-Infrared Coating,10.3659,0.99449,0.00551,alumdisk.prn
"Black Painted, Anodized Aluminum Disk",Anti-Infrared Coating,10.3246,0.99273,0.00727,alumdisk.prn
"Black Painted, Anodized Aluminum Disk",Anti-Infrared Coating,10.2836,0.99145,0.00855,alumdisk.prn
"Black Painted, Anodized Aluminum Disk",Anti-Infrared Coating,10.2429,0.99247,0.00753,alumdisk.prn
"Black Painted, Anodized Aluminum Disk",Anti-Infrared Coating,10.2026,0.99137,0.00863,alumdisk.prn
"Black Painted, Anodized Aluminum Disk",Anti-Infrared Coating,10.1626,0.98973,0.01027,alumdisk.prn
"Black Painted, Anodized Aluminum Disk",Anti-Infrared Coating,10.1229,0.98799,0.01201,alumdisk.prn
"Black Painted, Anodized Aluminum Disk",Anti-Infrared Coating,10.0835,0.98655,0.01345,alumdisk.prn
"Black Painted, Anodized Aluminum Disk",Anti-Infrared Coating,10.0444,0.98571,0.01429,alumdisk.prn
"Black Painted, Anodized Aluminum Disk",Anti-Infrared Coating,10.0057,0.98342,0.01658,alumdisk.prn
"Black Painted, Anodized Aluminum Disk",Anti-Infrared Coating,9.9672,0.98083,0.01917,alumdisk.prn
"Black Painted, Anodized Aluminum Disk",Anti-Infrared Coating,9.929,0.98171,0.01829,alumdisk.prn
"Black Painted, Anodized Aluminum Disk",Anti-Infrared Coating,9.8911,0.9815,0.0185,alumdisk.prn
"Black Painted, Anodized Aluminum Disk",Anti-Infrared Coating,9.8535,0.98116,0.01884,alumdisk.prn
"Black Painted, Anodized Aluminum Disk",Anti-Infrared Coating,9.8162,0.98106,0.01894,alumdisk.prn
"Black Painted, Anodized Aluminum Disk",Anti-Infrared Coating,9.7791,0.9802,0.0198,alumdisk.prn
"Black Painted, Anodized Aluminum Disk",Anti-Infrared Coating,9.7424,0.98147,0.01853,alumdisk.prn
"Black Painted, Anodized Aluminum Disk",Anti-Infrared Coating,9.7059,0.9787,0.0213,alumdisk.prn
"Black Painted, Anodized Aluminum Disk",Anti-Infrared Coating,9.6697,0.97875,0.02125,alumdisk.prn
"Black Painted, Anodized Aluminum Disk",Anti-Infrared Coating,9.6337,0.9783,0.0217,alumdisk.prn
"Black Painted, Anodized Aluminum Disk",Anti-Infrared Coating,9.598,0.97943,0.02057,alumdisk.prn
"Black Painted, Anodized Aluminum Disk",Anti-Infrared Coating,9.5626,0.97855,0.02145,alumdisk.prn
"Black Painted, Anodized Aluminum Disk",Anti-Infrared Coating,9.5274,0.97948,0.02052,alumdisk.prn
"Black Painted, Anodized Aluminum Disk",Anti-Infrared Coating,9.4925,0.97983,0.02017,alumdisk.prn
"Black Painted, Anodized Aluminum Disk",Anti-Infrared Coating,9.4579,0.97846,0.02154,alumdisk.prn
"Black Painted, Anodized Aluminum Disk",Anti-Infrared Coating,9.4235,0.9813,0.0187,alumdisk.prn
"Black Painted, Anodized Aluminum Disk",Anti-Infrared Coating,9.3894,0.97697,0.02303,alumdisk.prn
"Black Painted, Anodized Aluminum Disk",Anti-Infrared Coating,9.3555,0.976,0.024,alumdisk.prn
"Black Painted, Anodized Aluminum Disk",Anti-Infrared Coating,9.3218,0.97611,0.02389,alumdisk.prn
"Black Painted, Anodized Aluminum Disk",Anti-Infrared Coating,9.2884,0.9772,0.0228,alumdisk.prn
"Black Painted, Anodized Aluminum Disk",Anti-Infrared Coating,9.2552,0.97404,0.02596,alumdisk.prn
"Black Painted, Anodized Aluminum Disk",Anti-Infrared Coating,9.2223,0.9744,0.0256,alumdisk.prn
"Black Painted, Anodized Aluminum Disk",Anti-Infrared Coating,9.1896,0.97505,0.02495,alumdisk.prn
"Black Painted, Anodized Aluminum Disk",Anti-Infrared Coating,9.1571,0.97564,0.02436,alumdisk.prn
"Black Painted, Anodized Aluminum Disk",Anti-Infrared Coating,9.1249,0.97528,0.02472,alumdisk.prn
"Black Painted, Anodized Aluminum Disk",Anti-Infrared Coating,9.0929,0.97334,0.02666,alumdisk.prn
"Black Painted, Anodized Aluminum Disk",Anti-Infrared Coating,9.0611,0.97579,0.02421,alumdisk.prn
"Black Painted, Anodized Aluminum Disk",Anti-Infrared Coating,9.0295,0.97486,0.02514,alumdisk.prn
"Black Painted, Anodized Aluminum Disk",Anti-Infrared Coating,8.9982,0.97534,0.02466,alumdisk.prn
"Black Painted, Anodized Aluminum Disk",Anti-Infrared Coating,8.967,0.97596,0.02404,alumdisk.prn
"Black Painted, Anodized Aluminum Disk",Anti-Infrared Coating,8.9361,0.97767,0.02233,alumdisk.prn
"Black Painted, Anodized Aluminum Disk",Anti-Infrared Coating,8.9054,0.97856,0.02144,alumdisk.prn
"Black Painted, Anodized Aluminum Disk",Anti-Infrared Coating,8.8749,0.97948,0.02052,alumdisk.prn
"Black Painted, Anodized Aluminum Disk",Anti-Infrared Coating,8.8446,0.97928,0.02072,alumdisk.prn
"Black Painted, Anodized Aluminum Disk",Anti-Infrared Coating,8.8145,0.98077,0.01923,alumdisk.prn
"Black Painted, Anodized Aluminum Disk",Anti-Infrared Coating,8.7846,0.98136,0.01864,alumdisk.prn
"Black Painted, Anodized Aluminum Disk",Anti-Infrared Coating,8.755,0.98253,0.01747,alumdisk.prn
"Black Painted, Anodized Aluminum Disk",Anti-Infrared Coating,8.7255,0.98192,0.01808,alumdisk.prn
"Black Painted, Anodized Aluminum Disk",Anti-Infrared Coating,8.6962,0.9815,0.0185,alumdisk.prn
"Black Painted, Anodized Aluminum Disk",Anti-Infrared Coating,8.6671,0.98172,0.01828,alumdisk.prn
"Black Painted, Anodized Aluminum Disk",Anti-Infrared Coating,8.6382,0.98223,0.01777,alumdisk.prn
"Black Painted, Anodized Aluminum Disk",Anti-Infrared Coating,8.6095,0.98491,0.01509,alumdisk.prn
"Black Painted, Anodized Aluminum Disk",Anti-Infrared Coating,8.581,0.98436,0.01564,alumdisk.prn
"Black Painted, Anodized Aluminum Disk",Anti-Infrared Coating,8.5527,0.98378,0.01622,alumdisk.prn
"Black Painted, Anodized Aluminum Disk",Anti-Infrared Coating,8.5246,0.9861,0.0139,alumdisk.prn
"Black Painted, Anodized Aluminum Disk",Anti-Infrared Coating,8.4966,0.98386,0.01614,alumdisk.prn
"Black Painted, Anodized Aluminum Disk",Anti-Infrared Coating,8.4688,0.98514,0.01486,alumdisk.prn
"Black Painted, Anodized Aluminum Disk",Anti-Infrared Coating,8.4413,0.98551,0.01449,alumdisk.prn
"Black Painted, Anodized Aluminum Disk",Anti-Infrared Coating,8.4139,0.98573,0.01427,alumdisk.prn
"Black Painted, Anodized Aluminum Disk",Anti-Infrared Coating,8.3866,0.98539,0.01461,alumdisk.prn
"Black Painted, Anodized Aluminum Disk",Anti-Infrared Coating,8.3596,0.98442,0.01558,alumdisk.prn
"Black Painted, Anodized Aluminum Disk",Anti-Infrared Coating,8.3327,0.98636,0.01364,alumdisk.prn
"Black Painted, Anodized Aluminum Disk",Anti-Infrared Coating,8.306,0.98553,0.01447,alumdisk.prn
"Black Painted, Anodized Aluminum Disk",Anti-Infrared Coating,8.2795,0.98381,0.01619,alumdisk.prn
"Black Painted, Anodized Aluminum Disk",Anti-Infrared Coating,8.2531,0.98308,0.01692,alumdisk.prn
"Black Painted, Anodized Aluminum Disk",Anti-Infrared Coating,8.2269,0.98357,0.01643,alumdisk.prn
"Black Painted, Anodized Aluminum Disk",Anti-Infrared Coating,8.2008,0.9828,0.0172,alumdisk.prn
"Black Painted, Anodized Aluminum Disk",Anti-Infrared Coating,8.175,0.98203,0.01797,alumdisk.prn
"Black Painted, Anodized Aluminum Disk",Anti-Infrared Coating,8.1493,0.98139,0.01861,alumdisk.prn
"Black Painted, Anodized Aluminum Disk",Anti-Infrared Coating,8.1237,0.98156,0.01844,alumdisk.prn
"Black Painted, Anodized Aluminum Disk",Anti-Infrared Coating,8.0983,0.98095,0.01905,alumdisk.prn
"Black Painted, Anodized Aluminum Disk",Anti-Infrared Coating,8.0731,0.98053,0.01947,alumdisk.prn
"Black Painted, Anodized Aluminum Disk",Anti-Infrared Coating,8.048,0.97841,0.02159,alumdisk.prn
"Black Painted, Anodized Aluminum Disk",Anti-Infrared Coating,8.0231,0.97929,0.02071,alumdisk.prn
"Black Painted, Anodized Aluminum Grate",Anti-Infrared Coating,13.9326,0.89192,0.10808,alumgrte.prn
"Black Painted, Anodized Aluminum Grate",Anti-Infrared Coating,13.8581,0.89517,0.10483,alumgrte.prn
"Black Painted, Anodized Aluminum Grate",Anti-Infrared Coating,13.7844,0.89396,0.10604,alumgrte.prn
"Black Painted, Anodized Aluminum Grate",Anti-Infrared Coating,13.7115,0.89633,0.10367,alumgrte.prn
"Black Painted, Anodized Aluminum Grate",Anti-Infrared Coating,13.6393,0.89905,0.10095,alumgrte.prn
"Black Painted, Anodized Aluminum Grate",Anti-Infrared Coating,13.5679,0.90082,0.09918,alumgrte.prn
"Black Painted, Anodized Aluminum Grate",Anti-Infrared Coating,13.4972,0.90444,0.09556,alumgrte.prn
"Black Painted, Anodized Aluminum Grate",Anti-Infrared Coating,13.4273,0.90326,0.09674,alumgrte.prn
"Black Painted, Anodized Aluminum Grate",Anti-Infrared Coating,13.3581,0.90144,0.09856,alumgrte.prn
"Black Painted, Anodized Aluminum Grate",Anti-Infrared Coating,13.2896,0.90269,0.09731,alumgrte.prn
"Black Painted, Anodized Aluminum Grate",Anti-Infrared Coating,13.2218,0.90466,0.09534,alumgrte.prn
"Black Painted, Anodized Aluminum Grate",Anti-Infrared Coating,13.1546,0.89979,0.10021,alumgrte.prn
"Black Painted, Anodized Aluminum Grate",Anti-Infrared Coating,13.0882,0.9083,0.0917,alumgrte.prn
"Black Painted, Anodized Aluminum Grate",Anti-Infrared Coating,13.0224,0.90583,0.09417,alumgrte.prn
"Black Painted, Anodized Aluminum Grate",Anti-Infrared Coating,12.9573,0.90524,0.09476,alumgrte.prn
"Black Painted, Anodized Aluminum Grate",Anti-Infrared Coating,12.8929,0.90655,0.09345,alumgrte.prn
"Black Painted, Anodized Aluminum Grate",Anti-Infrared Coating,12.829,0.90764,0.09236,alumgrte.prn
"Black Painted, Anodized Aluminum Grate",Anti-Infrared Coating,12.7658,0.90607,0.09393,alumgrte.prn
"Black Painted, Anodized Aluminum Grate",Anti-Infrared Coating,12.7033,0.90536,0.09464,alumgrte.prn
"Black Painted, Anodized Aluminum Grate",Anti-Infrared Coating,12.6413,0.90901,0.09099,alumgrte.prn
"Black Painted, Anodized Aluminum Grate",Anti-Infrared Coating,12.5799,0.90617,0.09383,alumgrte.prn
"Black Painted, Anodized Aluminum Grate",Anti-Infrared Coating,12.5192,0.9105,0.0895,alumgrte.prn
"Black Painted, Anodized Aluminum Grate",Anti-Infrared Coating,12.459,0.91286,0.08714,alumgrte.prn
"Black Painted, Anodized Aluminum Grate",Anti-Infrared Coating,12.3994,0.91278,0.08722,alumgrte.prn
"Black Painted, Anodized Aluminum Grate",Anti-Infrared Coating,12.3403,0.91482,0.08518,alumgrte.prn
"Black Painted, Anodized Aluminum Grate",Anti-Infrared Coating,12.2818,0.91421,0.08579,alumgrte.prn
"Black Painted, Anodized Aluminum Grate",Anti-Infrared Coating,12.2239,0.91654,0.08346,alumgrte.prn
"Black Painted, Anodized Aluminum Grate",Anti-Infrared Coating,12.1665,0.91639,0.08361,alumgrte.prn
"Black Painted, Anodized Aluminum Grate",Anti-Infrared Coating,12.1097,0.91743,0.08257,alumgrte.prn
"Black Painted, Anodized Aluminum Grate",Anti-Infrared Coating,12.0533,0.91951,0.08049,alumgrte.prn
"Black Painted, Anodized Aluminum Grate",Anti-Infrared Coating,11.9975,0.91967,0.08033,alumgrte.prn
"Black Painted, Anodized Aluminum Grate",Anti-Infrared Coating,11.9422,0.9249,0.0751,alumgrte.prn
"Black Painted, Anodized Aluminum Grate",Anti-Infrared Coating,11.8875,0.92468,0.07532,alumgrte.prn
"Black Painted, Anodized Aluminum Grate",Anti-Infrared Coating,11.8332,0.92763,0.07237,alumgrte.prn
"Black Painted, Anodized Aluminum Grate",Anti-Infrared Coating,11.7794,0.92885,0.07115,alumgrte.prn
"Black Painted, Anodized Aluminum Grate",Anti-Infrared Coating,11.7261,0.93316,0.06684,alumgrte.prn
"Black Painted, Anodized Aluminum Grate",Anti-Infrared Coating,11.6733,0.93383,0.06617,alumgrte.prn
"Black Painted, Anodized Aluminum Grate",Anti-Infrared Coating,11.6209,0.93672,0.06328,alumgrte.prn
"Black Painted, Anodized Aluminum Grate",Anti-Infrared Coating,11.569,0.93789,0.06211,alumgrte.prn
"Black Painted, Anodized Aluminum Grate",Anti-Infrared Coating,11.5176,0.93999,0.06001,alumgrte.prn
"Black Painted, Anodized Aluminum Grate",Anti-Infrared Coating,11.4667,0.94274,0.05726,alumgrte.prn
"Black Painted, Anodized Aluminum Grate",Anti-Infrared Coating,11.4161,0.9425,0.0575,alumgrte.prn
"Black Painted, Anodized Aluminum Grate",Anti-Infrared Coating,11.3661,0.94568,0.05432,alumgrte.prn
"Black Painted, Anodized Aluminum Grate",Anti-Infrared Coating,11.3164,0.94941,0.05059,alumgrte.prn
"Black Painted, Anodized Aluminum Grate",Anti-Infrared Coating,11.2672,0.95242,0.04758,alumgrte.prn
"Black Painted, Anodized Aluminum Grate",Anti-Infrared Coating,11.2185,0.953,0.047,alumgrte.prn
"Black Painted, Anodized Aluminum Grate",Anti-Infrared Coating,11.1701,0.9584,0.0416,alumgrte.prn
"Black Painted, Anodized Aluminum Grate",Anti-Infrared Coating,11.1222,0.95893,0.04107,alumgrte.prn
"Black Painted, Anodized Aluminum Grate",Anti-Infrared Coating,11.0746,0.96043,0.03957,alumgrte.prn
"Black Painted, Anodized Aluminum Grate",Anti-Infrared Coating,11.0275,0.96213,0.03787,alumgrte.prn
"Black Painted, Anodized Aluminum Grate",Anti-Infrared Coating,10.9808,0.96467,0.03533,alumgrte.prn
"Black Painted, Anodized Aluminum Grate",Anti-Infrared Coating,10.9345,0.96813,0.03187,alumgrte.prn
"Black Painted, Anodized Aluminum Grate",Anti-Infrared Coating,10.8885,0.9707,0.0293,alumgrte.prn
"Black Painted, Anodized Aluminum Grate",Anti-Infrared Coating,10.8429,0.97448,0.02552,alumgrte.prn
"Black Painted, Anodized Aluminum Grate",Anti-Infrared Coating,10.7978,0.97674,0.02326,alumgrte.prn
"Black Painted, Anodized Aluminum Grate",Anti-Infrared Coating,10.753,0.9802,0.0198,alumgrte.prn
"Black Painted, Anodized Aluminum Grate",Anti-Infrared Coating,10.7085,0.98175,0.01825,alumgrte.prn
"Black Painted, Anodized Aluminum Grate",Anti-Infrared Coating,10.6645,0.98304,0.01696,alumgrte.prn
"Black Painted, Anodized Aluminum Grate",Anti-Infrared Coating,10.6208,0.98459,0.01541,alumgrte.prn
"Black Painted, Anodized Aluminum Grate",Anti-Infrared Coating,10.5774,0.98699,0.01301,alumgrte.prn
"Black Painted, Anodized Aluminum Grate",Anti-Infrared Coating,10.5344,0.9893,0.0107,alumgrte.prn
"Black Painted, Anodized Aluminum Grate",Anti-Infrared Coating,10.4918,0.98795,0.01205,alumgrte.prn
"Black Painted, Anodized Aluminum Grate",Anti-Infrared Coating,10.4495,0.98934,0.01066,alumgrte.prn
"Black Painted, Anodized Aluminum Grate",Anti-Infrared Coating,10.4075,0.98801,0.01199,alumgrte.prn
"Black Painted, Anodized Aluminum Grate",Anti-Infrared Coating,10.3659,0.9883,0.0117,alumgrte.prn
"Black Painted, Anodized Aluminum Grate",Anti-Infrared Coating,10.3246,0.98952,0.01048,alumgrte.prn
"Black Painted, Anodized Aluminum Grate",Anti-Infrared Coating,10.2836,0.99042,0.00958,alumgrte.prn
"Black Painted, Anodized Aluminum Grate",Anti-Infrared Coating,10.2429,0.99102,0.00898,alumgrte.prn
"Black Painted, Anodized Aluminum Grate",Anti-Infrared Coating,10.2026,0.99095,0.00905,alumgrte.prn
"Black Painted, Anodized Aluminum Grate",Anti-Infrared Coating,10.1626,0.98994,0.01006,alumgrte.prn
"Black Painted, Anodized Aluminum Grate",Anti-Infrared Coating,10.1229,0.99029,0.00971,alumgrte.prn
"Black Painted, Anodized Aluminum Grate",Anti-Infrared Coating,10.0835,0.98726,0.01274,alumgrte.prn
"Black Painted, Anodized Aluminum Grate",Anti-Infrared Coating,10.0444,0.98702,0.01298,alumgrte.prn
"Black Painted, Anodized Aluminum Grate",Anti-Infrared Coating,10.0057,0.98714,0.01286,alumgrte.prn
"Black Painted, Anodized Aluminum Grate",Anti-Infrared Coating,9.9672,0.98628,0.01372,alumgrte.prn
"Black Painted, Anodized Aluminum Grate",Anti-Infrared Coating,9.929,0.98511,0.01489,alumgrte.prn
"Black Painted, Anodized Aluminum Grate",Anti-Infrared Coating,9.8911,0.98447,0.01553,alumgrte.prn
"Black Painted, Anodized Aluminum Grate",Anti-Infrared Coating,9.8535,0.98183,0.01817,alumgrte.prn
"Black Painted, Anodized Aluminum Grate",Anti-Infrared Coating,9.8162,0.98112,0.01888,alumgrte.prn
"Black Painted, Anodized Aluminum Grate",Anti-Infrared Coating,9.7791,0.98031,0.01969,alumgrte.prn
"Black Painted, Anodized Aluminum Grate",Anti-Infrared Coating,9.7424,0.98118,0.01882,alumgrte.prn
"Black Painted, Anodized Aluminum Grate",Anti-Infrared Coating,9.7059,0.97921,0.02079,alumgrte.prn
"Black Painted, Anodized Aluminum Grate",Anti-Infrared Coating,9.6697,0.9773,0.0227,alumgrte.prn
"Black Painted, Anodized Aluminum Grate",Anti-Infrared Coating,9.6337,0.97905,0.02095,alumgrte.prn
"Black Painted, Anodized Aluminum Grate",Anti-Infrared Coating,9.598,0.97778,0.02222,alumgrte.prn
"Black Painted, Anodized Aluminum Grate",Anti-Infrared Coating,9.5626,0.97764,0.02236,alumgrte.prn
"Black Painted, Anodized Aluminum Grate",Anti-Infrared Coating,9.5274,0.98004,0.01996,alumgrte.prn
"Black Painted, Anodized Aluminum Grate",Anti-Infrared Coating,9.4925,0.97896,0.02104,alumgrte.prn
"Black Painted, Anodized Aluminum Grate",Anti-Infrared Coating,9.4579,0.97885,0.02115,alumgrte.prn
"Black Painted, Anodized Aluminum Grate",Anti-Infrared Coating,9.4235,0.97874,0.02126,alumgrte.prn
"Black Painted, Anodized Aluminum Grate",Anti-Infrared Coating,9.3894,0.97779,0.02221,alumgrte.prn
"Black Painted, Anodized Aluminum Grate",Anti-Infrared Coating,9.3555,0.97646,0.02354,alumgrte.prn
"Black Painted, Anodized Aluminum Grate",Anti-Infrared Coating,9.3218,0.97738,0.02262,alumgrte.prn
"Black Painted, Anodized Aluminum Grate",Anti-Infrared Coating,9.2884,0.97848,0.02152,alumgrte.prn
"Black Painted, Anodized Aluminum Grate",Anti-Infrared Coating,9.2552,0.97569,0.02431,alumgrte.prn
"Black Painted, Anodized Aluminum Grate",Anti-Infrared Coating,9.2223,0.97536,0.02464,alumgrte.prn
"Black Painted, Anodized Aluminum Grate",Anti-Infrared Coating,9.1896,0.97578,0.02422,alumgrte.prn
"Black Painted, Anodized Aluminum Grate",Anti-Infrared Coating,9.1571,0.97557,0.02443,alumgrte.prn
"Black Painted, Anodized Aluminum Grate",Anti-Infrared Coating,9.1249,0.97626,0.02374,alumgrte.prn
"Black Painted, Anodized Aluminum Grate",Anti-Infrared Coating,9.0929,0.97442,0.02558,alumgrte.prn
"Black Painted, Anodized Aluminum Grate",Anti-Infrared Coating,9.0611,0.97783,0.02217,alumgrte.prn
"Black Painted, Anodized Aluminum Grate",Anti-Infrared Coating,9.0295,0.97683,0.02317,alumgrte.prn
"Black Painted, Anodized Aluminum Grate",Anti-Infrared Coating,8.9982,0.97818,0.02182,alumgrte.prn
"Black Painted, Anodized Aluminum Grate",Anti-Infrared Coating,8.967,0.97743,0.02257,alumgrte.prn
"Black Painted, Anodized Aluminum Grate",Anti-Infrared Coating,8.9361,0.97612,0.02388,alumgrte.prn
"Black Painted, Anodized Aluminum Grate",Anti-Infrared Coating,8.9054,0.9785,0.0215,alumgrte.prn
"Black Painted, Anodized Aluminum Grate",Anti-Infrared Coating,8.8749,0.97701,0.02299,alumgrte.prn
"Black Painted, Anodized Aluminum Grate",Anti-Infrared Coating,8.8446,0.97958,0.02042,alumgrte.prn
"Black Painted, Anodized Aluminum Grate",Anti-Infrared Coating,8.8145,0.97852,0.02148,alumgrte.prn
"Black Painted, Anodized Aluminum Grate",Anti-Infrared Coating,8.7846,0.97887,0.02113,alumgrte.prn
"Black Painted, Anodized Aluminum Grate",Anti-Infrared Coating,8.755,0.97677,0.02323,alumgrte.prn
"Black Painted, Anodized Aluminum Grate",Anti-Infrared Coating,8.7255,0.97909,0.02091,alumgrte.prn
"Black Painted, Anodized Aluminum Grate",Anti-Infrared Coating,8.6962,0.98152,0.01848,alumgrte.prn
"Black Painted, Anodized Aluminum Grate",Anti-Infrared Coating,8.6671,0.98163,0.01837,alumgrte.prn
"Black Painted, Anodized Aluminum Grate",Anti-Infrared Coating,8.6382,0.9817,0.0183,alumgrte.prn
"Black Painted, Anodized Aluminum Grate",Anti-Infrared Coating,8.6095,0.98033,0.01967,alumgrte.prn
"Black Painted, Anodized Aluminum Grate",Anti-Infrared Coating,8.581,0.98337,0.01663,alumgrte.prn
"Black Painted, Anodized Aluminum Grate",Anti-Infrared Coating,8.5527,0.98473,0.01527,alumgrte.prn
"Black Painted, Anodized Aluminum Grate",Anti-Infrared Coating,8.5246,0.98429,0.01571,alumgrte.prn
"Black Painted, Anodized Aluminum Grate",Anti-Infrared Coating,8.4966,0.98332,0.01668,alumgrte.prn
"Black Painted, Anodized Aluminum Grate",Anti-Infrared Coating,8.4688,0.98398,0.01602,alumgrte.prn
"Black Painted, Anodized Aluminum Grate",Anti-Infrared Coating,8.4413,0.98548,0.01452,alumgrte.prn
"Black Painted, Anodized Aluminum Grate",Anti-Infrared Coating,8.4139,0.98431,0.01569,alumgrte.prn
"Black Painted, Anodized Aluminum Grate",Anti-Infrared Coating,8.3866,0.985,0.015,alumgrte.prn
"Black Painted, Anodized Aluminum Grate",Anti-Infrared Coating,8.3596,0.98586,0.01414,alumgrte.prn
"Black Painted, Anodized Aluminum Grate",Anti-Infrared Coating,8.3327,0.98342,0.01658,alumgrte.prn
"Black Painted, Anodized Aluminum Grate",Anti-Infrared Coating,8.306,0.98462,0.01538,alumgrte.prn
"Black Painted, Anodized Aluminum Grate",Anti-Infrared Coating,8.2795,0.98438,0.01562,alumgrte.prn
"Black Painted, Anodized Aluminum Grate",Anti-Infrared Coating,8.2531,0.98517,0.01483,alumgrte.prn
"Black Painted, Anodized Aluminum Grate",Anti-Infrared Coating,8.2269,0.98481,0.01519,alumgrte.prn
"Black Painted, Anodized Aluminum Grate",Anti-Infrared Coating,8.2008,0.98547,0.01453,alumgrte.prn
"Black Painted, Anodized Aluminum Grate",Anti-Infrared Coating,8.175,0.98592,0.01408,alumgrte.prn
"Black Painted, Anodized Aluminum Grate",Anti-Infrared Coating,8.1493,0.9865,0.0135,alumgrte.prn
"Black Painted, Anodized Aluminum Grate",Anti-Infrared Coating,8.1237,0.98656,0.01344,alumgrte.prn
"Black Painted, Anodized Aluminum Grate",Anti-Infrared Coating,8.0983,0.9876,0.0124,alumgrte.prn
"Black Painted, Anodized Aluminum Grate",Anti-Infrared Coating,8.0731,0.98809,0.01191,alumgrte.prn
"Black Painted, Anodized Aluminum Grate",Anti-Infrared Coating,8.048,0.988,0.012,alumgrte.prn
"Black Painted, Anodized Aluminum Grate",Anti-Infrared Coating,8.0231,0.988,0.012,alumgrte.prn
Emissivity of Disk Surface (3.5 inch  1.44mb Floppy Diskette),Aluminum Alloy,13.9326,0.96837,0.03163,disk144.prn
Emissivity of Disk Surface (3.5 inch  1.44mb Floppy Diskette),Aluminum Alloy,13.8581,0.96756,0.03244,disk144.prn
Emissivity of Disk Surface (3.5 inch  1.44mb Floppy Diskette),Aluminum Alloy,13.7844,0.966,0.034,disk144.prn
Emissivity of Disk Surface (3.5 inch  1.44mb Floppy Diskette),Aluminum Alloy,13.7115,0.96428,0.03572,disk144.prn
Emissivity of Disk Surface (3.5 inch  1.44mb Floppy Diskette),Aluminum Alloy,13.6393,0.96268,0.03732,disk144.prn
Emissivity of Disk Surface (3.5 inch  1.44mb Floppy Diskette),Aluminum Alloy,13.5679,0.96135,0.03865,disk144.prn
Emissivity of Disk Surface (3.5 inch  1.44mb Floppy Diskette),Aluminum Alloy,13.4972,0.96078,0.03922,disk144.prn
Emissivity of Disk Surface (3.5 inch  1.44mb Floppy Diskette),Aluminum Alloy,13.4273,0.96014,0.03986,disk144.prn
Emissivity of Disk Surface (3.5 inch  1.44mb Floppy Diskette),Aluminum Alloy,13.3581,0.96037,0.03963,disk144.prn
Emissivity of Disk Surface (3.5 inch  1.44mb Floppy Diskette),Aluminum Alloy,13.2896,0.96108,0.03892,disk144.prn
Emissivity of Disk Surface (3.5 inch  1.44mb Floppy Diskette),Aluminum Alloy,13.2218,0.96201,0.03799,disk144.prn
Emissivity of Disk Surface (3.5 inch  1.44mb Floppy Diskette),Aluminum Alloy,13.1546,0.96298,0.03702,disk144.prn
Emissivity of Disk Surface (3.5 inch  1.44mb Floppy Diskette),Aluminum Alloy,13.0882,0.96417,0.03583,disk144.prn
Emissivity of Disk Surface (3.5 inch  1.44mb Floppy Diskette),Aluminum Alloy,13.0224,0.96516,0.03484,disk144.prn
Emissivity of Disk Surface (3.5 inch  1.44mb Floppy Diskette),Aluminum Alloy,12.9573,0.96547,0.03453,disk144.prn
Emissivity of Disk Surface (3.5 inch  1.44mb Floppy Diskette),Aluminum Alloy,12.8929,0.9653,0.0347,disk144.prn
Emissivity of Disk Surface (3.5 inch  1.44mb Floppy Diskette),Aluminum Alloy,12.829,0.96503,0.03497,disk144.prn
Emissivity of Disk Surface (3.5 inch  1.44mb Floppy Diskette),Aluminum Alloy,12.7658,0.96481,0.03519,disk144.prn
Emissivity of Disk Surface (3.5 inch  1.44mb Floppy Diskette),Aluminum Alloy,12.7033,0.96436,0.03564,disk144.prn
Emissivity of Disk Surface (3.5 inch  1.44mb Floppy Diskette),Aluminum Alloy,12.6413,0.96342,0.03658,disk144.prn
Emissivity of Disk Surface (3.5 inch  1.44mb Floppy Diskette),Aluminum Alloy,12.5799,0.96232,0.03768,disk144.prn
Emissivity of Disk Surface (3.5 inch  1.44mb Floppy Diskette),Aluminum Alloy,12.5192,0.96093,0.03907,disk144.prn
Emissivity of Disk Surface (3.5 inch  1.44mb Floppy Diskette),Aluminum Alloy,12.459,0.95997,0.04003,disk144.prn
Emissivity of Disk Surface (3.5 inch  1.44mb Floppy Diskette),Aluminum Alloy,12.3994,0.95892,0.04108,disk144.prn
Emissivity of Disk Surface (3.5 inch  1.44mb Floppy Diskette),Aluminum Alloy,12.3403,0.9585,0.0415,disk144.prn
Emissivity of Disk Surface (3.5 inch  1.44mb Floppy Diskette),Aluminum Alloy,12.2818,0.9583,0.0417,disk144.prn
Emissivity of Disk Surface (3.5 inch  1.44mb Floppy Diskette),Aluminum Alloy,12.2239,0.95724,0.04276,disk144.prn
Emissivity of Disk Surface (3.5 inch  1.44mb Floppy Diskette),Aluminum Alloy,12.1665,0.9567,0.0433,disk144.prn
Emissivity of Disk Surface (3.5 inch  1.44mb Floppy Diskette),Aluminum Alloy,12.1097,0.95639,0.04361,disk144.prn
Emissivity of Disk Surface (3.5 inch  1.44mb Floppy Diskette),Aluminum Alloy,12.0533,0.95618,0.04382,disk144.prn
Emissivity of Disk Surface (3.5 inch  1.44mb Floppy Diskette),Aluminum Alloy,11.9975,0.95626,0.04374,disk144.prn
Emissivity of Disk Surface (3.5 inch  1.44mb Floppy Diskette),Aluminum Alloy,11.9422,0.95647,0.04353,disk144.prn
Emissivity of Disk Surface (3.5 inch  1.44mb Floppy Diskette),Aluminum Alloy,11.8875,0.95694,0.04306,disk144.prn
Emissivity of Disk Surface (3.5 inch  1.44mb Floppy Diskette),Aluminum Alloy,11.8332,0.95683,0.04317,disk144.prn
Emissivity of Disk Surface (3.5 inch  1.44mb Floppy Diskette),Aluminum Alloy,11.7794,0.957,0.043,disk144.prn
Emissivity of Disk Surface (3.5 inch  1.44mb Floppy Diskette),Aluminum Alloy,11.7261,0.9574,0.0426,disk144.prn
Emissivity of Disk Surface (3.5 inch  1.44mb Floppy Diskette),Aluminum Alloy,11.6733,0.95716,0.04284,disk144.prn
Emissivity of Disk Surface (3.5 inch  1.44mb Floppy Diskette),Aluminum Alloy,11.6209,0.95676,0.04324,disk144.prn
Emissivity of Disk Surface (3.5 inch  1.44mb Floppy Diskette),Aluminum Alloy,11.569,0.95637,0.04363,disk144.prn
Emissivity of Disk Surface (3.5 inch  1.44mb Floppy Diskette),Aluminum Alloy,11.5176,0.95614,0.04386,disk144.prn
Emissivity of Disk Surface (3.5 inch  1.44mb Floppy Diskette),Aluminum Alloy,11.4667,0.95554,0.04446,disk144.prn
Emissivity of Disk Surface (3.5 inch  1.44mb Floppy Diskette),Aluminum Alloy,11.4161,0.95508,0.04492,disk144.prn
Emissivity of Disk Surface (3.5 inch  1.44mb Floppy Diskette),Aluminum Alloy,11.3661,0.95487,0.04513,disk144.prn
Emissivity of Disk Surface (3.5 inch  1.44mb Floppy Diskette),Aluminum Alloy,11.3164,0.95436,0.04564,disk144.prn
Emissivity of Disk Surface (3.5 inch  1.44mb Floppy Diskette),Aluminum Alloy,11.2672,0.95435,0.04565,disk144.prn
Emissivity of Disk Surface (3.5 inch  1.44mb Floppy Diskette),Aluminum Alloy,11.2185,0.95427,0.04573,disk144.prn
Emissivity of Disk Surface (3.5 inch  1.44mb Floppy Diskette),Aluminum Alloy,11.1701,0.9545,0.0455,disk144.prn
Emissivity of Disk Surface (3.5 inch  1.44mb Floppy Diskette),Aluminum Alloy,11.1222,0.95464,0.04536,disk144.prn
Emissivity of Disk Surface (3.5 inch  1.44mb Floppy Diskette),Aluminum Alloy,11.0746,0.95467,0.04533,disk144.prn
Emissivity of Disk Surface (3.5 inch  1.44mb Floppy Diskette),Aluminum Alloy,11.0275,0.95494,0.04506,disk144.prn
Emissivity of Disk Surface (3.5 inch  1.44mb Floppy Diskette),Aluminum Alloy,10.9808,0.95518,0.04482,disk144.prn
Emissivity of Disk Surface (3.5 inch  1.44mb Floppy Diskette),Aluminum Alloy,10.9345,0.95523,0.04477,disk144.prn
Emissivity of Disk Surface (3.5 inch  1.44mb Floppy Diskette),Aluminum Alloy,10.8885,0.95553,0.04447,disk144.prn
Emissivity of Disk Surface (3.5 inch  1.44mb Floppy Diskette),Aluminum Alloy,10.8429,0.95537,0.04463,disk144.prn
Emissivity of Disk Surface (3.5 inch  1.44mb Floppy Diskette),Aluminum Alloy,10.7978,0.95541,0.04459,disk144.prn
Emissivity of Disk Surface (3.5 inch  1.44mb Floppy Diskette),Aluminum Alloy,10.753,0.95548,0.04452,disk144.prn
Emissivity of Disk Surface (3.5 inch  1.44mb Floppy Diskette),Aluminum Alloy,10.7085,0.95554,0.04446,disk144.prn
Emissivity of Disk Surface (3.5 inch  1.44mb Floppy Diskette),Aluminum Alloy,10.6645,0.95534,0.04466,disk144.prn
Emissivity of Disk Surface (3.5 inch  1.44mb Floppy Diskette),Aluminum Alloy,10.6208,0.95511,0.04489,disk144.prn
Emissivity of Disk Surface (3.5 inch  1.44mb Floppy Diskette),Aluminum Alloy,10.5774,0.95486,0.04514,disk144.prn
Emissivity of Disk Surface (3.5 inch  1.44mb Floppy Diskette),Aluminum Alloy,10.5344,0.95462,0.04538,disk144.prn
Emissivity of Disk Surface (3.5 inch  1.44mb Floppy Diskette),Aluminum Alloy,10.4918,0.95449,0.04551,disk144.prn
Emissivity of Disk Surface (3.5 inch  1.44mb Floppy Diskette),Aluminum Alloy,10.4495,0.95442,0.04558,disk144.prn
Emissivity of Disk Surface (3.5 inch  1.44mb Floppy Diskette),Aluminum Alloy,10.4075,0.95458,0.04542,disk144.prn
Emissivity of Disk Surface (3.5 inch  1.44mb Floppy Diskette),Aluminum Alloy,10.3659,0.95454,0.04546,disk144.prn
Emissivity of Disk Surface (3.5 inch  1.44mb Floppy Diskette),Aluminum Alloy,10.3246,0.95424,0.04576,disk144.prn
Emissivity of Disk Surface (3.5 inch  1.44mb Floppy Diskette),Aluminum Alloy,10.2836,0.95463,0.04537,disk144.prn
Emissivity of Disk Surface (3.5 inch  1.44mb Floppy Diskette),Aluminum Alloy,10.2429,0.95465,0.04535,disk144.prn
Emissivity of Disk Surface (3.5 inch  1.44mb Floppy Diskette),Aluminum Alloy,10.2026,0.95458,0.04542,disk144.prn
Emissivity of Disk Surface (3.5 inch  1.44mb Floppy Diskette),Aluminum Alloy,10.1626,0.9547,0.0453,disk144.prn
Emissivity of Disk Surface (3.5 inch  1.44mb Floppy Diskette),Aluminum Alloy,10.1229,0.95458,0.04542,disk144.prn
Emissivity of Disk Surface (3.5 inch  1.44mb Floppy Diskette),Aluminum Alloy,10.0835,0.9546,0.0454,disk144.prn
Emissivity of Disk Surface (3.5 inch  1.44mb Floppy Diskette),Aluminum Alloy,10.0444,0.9544,0.0456,disk144.prn
Emissivity of Disk Surface (3.5 inch  1.44mb Floppy Diskette),Aluminum Alloy,10.0057,0.95415,0.04585,disk144.prn
Emissivity of Disk Surface (3.5 inch  1.44mb Floppy Diskette),Aluminum Alloy,9.9672,0.95402,0.04598,disk144.prn
Emissivity of Disk Surface (3.5 inch  1.44mb Floppy Diskette),Aluminum Alloy,9.929,0.9536,0.0464,disk144.prn
Emissivity of Disk Surface (3.5 inch  1.44mb Floppy Diskette),Aluminum Alloy,9.8911,0.95355,0.04645,disk144.prn
Emissivity of Disk Surface (3.5 inch  1.44mb Floppy Diskette),Aluminum Alloy,9.8535,0.95378,0.04622,disk144.prn
Emissivity of Disk Surface (3.5 inch  1.44mb Floppy Diskette),Aluminum Alloy,9.8162,0.9539,0.0461,disk144.prn
Emissivity of Disk Surface (3.5 inch  1.44mb Floppy Diskette),Aluminum Alloy,9.7791,0.95398,0.04602,disk144.prn
Emissivity of Disk Surface (3.5 inch  1.44mb Floppy Diskette),Aluminum Alloy,9.7424,0.95409,0.04591,disk144.prn
Emissivity of Disk Surface (3.5 inch  1.44mb Floppy Diskette),Aluminum Alloy,9.7059,0.95399,0.04601,disk144.prn
Emissivity of Disk Surface (3.5 inch  1.44mb Floppy Diskette),Aluminum Alloy,9.6697,0.95446,0.04554,disk144.prn
Emissivity of Disk Surface (3.5 inch  1.44mb Floppy Diskette),Aluminum Alloy,9.6337,0.95471,0.04529,disk144.prn
Emissivity of Disk Surface (3.5 inch  1.44mb Floppy Diskette),Aluminum Alloy,9.598,0.9549,0.0451,disk144.prn
Emissivity of Disk Surface (3.5 inch  1.44mb Floppy Diskette),Aluminum Alloy,9.5626,0.95501,0.04499,disk144.prn
Emissivity of Disk Surface (3.5 inch  1.44mb Floppy Diskette),Aluminum Alloy,9.5274,0.95506,0.04494,disk144.prn
Emissivity of Disk Surface (3.5 inch  1.44mb Floppy Diskette),Aluminum Alloy,9.4925,0.95499,0.04501,disk144.prn
Emissivity of Disk Surface (3.5 inch  1.44mb Floppy Diskette),Aluminum Alloy,9.4579,0.95523,0.04477,disk144.prn
Emissivity of Disk Surface (3.5 inch  1.44mb Floppy Diskette),Aluminum Alloy,9.4235,0.95537,0.04463,disk144.prn
Emissivity of Disk Surface (3.5 inch  1.44mb Floppy Diskette),Aluminum Alloy,9.3894,0.95542,0.04458,disk144.prn
Emissivity of Disk Surface (3.5 inch  1.44mb Floppy Diskette),Aluminum Alloy,9.3555,0.95532,0.04468,disk144.prn
Emissivity of Disk Surface (3.5 inch  1.44mb Floppy Diskette),Aluminum Alloy,9.3218,0.95565,0.04435,disk144.prn
Emissivity of Disk Surface (3.5 inch  1.44mb Floppy Diskette),Aluminum Alloy,9.2884,0.95576,0.04424,disk144.prn
Emissivity of Disk Surface (3.5 inch  1.44mb Floppy Diskette),Aluminum Alloy,9.2552,0.95578,0.04422,disk144.prn
Emissivity of Disk Surface (3.5 inch  1.44mb Floppy Diskette),Aluminum Alloy,9.2223,0.95571,0.04429,disk144.prn
Emissivity of Disk Surface (3.5 inch  1.44mb Floppy Diskette),Aluminum Alloy,9.1896,0.95581,0.04419,disk144.prn
Emissivity of Disk Surface (3.5 inch  1.44mb Floppy Diskette),Aluminum Alloy,9.1571,0.9557,0.0443,disk144.prn
Emissivity of Disk Surface (3.5 inch  1.44mb Floppy Diskette),Aluminum Alloy,9.1249,0.95583,0.04417,disk144.prn
Emissivity of Disk Surface (3.5 inch  1.44mb Floppy Diskette),Aluminum Alloy,9.0929,0.95617,0.04383,disk144.prn
Emissivity of Disk Surface (3.5 inch  1.44mb Floppy Diskette),Aluminum Alloy,9.0611,0.95586,0.04414,disk144.prn
Emissivity of Disk Surface (3.5 inch  1.44mb Floppy Diskette),Aluminum Alloy,9.0295,0.9556,0.0444,disk144.prn
Emissivity of Disk Surface (3.5 inch  1.44mb Floppy Diskette),Aluminum Alloy,8.9982,0.95558,0.04442,disk144.prn
Emissivity of Disk Surface (3.5 inch  1.44mb Floppy Diskette),Aluminum Alloy,8.967,0.95586,0.04414,disk144.prn
Emissivity of Disk Surface (3.5 inch  1.44mb Floppy Diskette),Aluminum Alloy,8.9361,0.95582,0.04418,disk144.prn
Emissivity of Disk Surface (3.5 inch  1.44mb Floppy Diskette),Aluminum Alloy,8.9054,0.95593,0.04407,disk144.prn
Emissivity of Disk Surface (3.5 inch  1.44mb Floppy Diskette),Aluminum Alloy,8.8749,0.95581,0.04419,disk144.prn
Emissivity of Disk Surface (3.5 inch  1.44mb Floppy Diskette),Aluminum Alloy,8.8446,0.95569,0.04431,disk144.prn
Emissivity of Disk Surface (3.5 inch  1.44mb Floppy Diskette),Aluminum Alloy,8.8145,0.95587,0.04413,disk144.prn
Emissivity of Disk Surface (3.5 inch  1.44mb Floppy Diskette),Aluminum Alloy,8.7846,0.95623,0.04377,disk144.prn
Emissivity of Disk Surface (3.5 inch  1.44mb Floppy Diskette),Aluminum Alloy,8.755,0.95629,0.04371,disk144.prn
Emissivity of Disk Surface (3.5 inch  1.44mb Floppy Diskette),Aluminum Alloy,8.7255,0.95635,0.04365,disk144.prn
Emissivity of Disk Surface (3.5 inch  1.44mb Floppy Diskette),Aluminum Alloy,8.6962,0.95621,0.04379,disk144.prn
Emissivity of Disk Surface (3.5 inch  1.44mb Floppy Diskette),Aluminum Alloy,8.6671,0.95654,0.04346,disk144.prn
Emissivity of Disk Surface (3.5 inch  1.44mb Floppy Diskette),Aluminum Alloy,8.6382,0.95632,0.04368,disk144.prn
Emissivity of Disk Surface (3.5 inch  1.44mb Floppy Diskette),Aluminum Alloy,8.6095,0.95625,0.04375,disk144.prn
Emissivity of Disk Surface (3.5 inch  1.44mb Floppy Diskette),Aluminum Alloy,8.581,0.95622,0.04378,disk144.prn
Emissivity of Disk Surface (3.5 inch  1.44mb Floppy Diskette),Aluminum Alloy,8.5527,0.9562,0.0438,disk144.prn
Emissivity of Disk Surface (3.5 inch  1.44mb Floppy Diskette),Aluminum Alloy,8.5246,0.95618,0.04382,disk144.prn
Emissivity of Disk Surface (3.5 inch  1.44mb Floppy Diskette),Aluminum Alloy,8.4966,0.9563,0.0437,disk144.prn
Emissivity of Disk Surface (3.5 inch  1.44mb Floppy Diskette),Aluminum Alloy,8.4688,0.95656,0.04344,disk144.prn
Emissivity of Disk Surface (3.5 inch  1.44mb Floppy Diskette),Aluminum Alloy,8.4413,0.95638,0.04362,disk144.prn
Emissivity of Disk Surface (3.5 inch  1.44mb Floppy Diskette),Aluminum Alloy,8.4139,0.95634,0.04366,disk144.prn
Emissivity of Disk Surface (3.5 inch  1.44mb Floppy Diskette),Aluminum Alloy,8.3866,0.9562,0.0438,disk144.prn
Emissivity of Disk Surface (3.5 inch  1.44mb Floppy Diskette),Aluminum Alloy,8.3596,0.95647,0.04353,disk144.prn
Emissivity of Disk Surface (3.5 inch  1.44mb Floppy Diskette),Aluminum Alloy,8.3327,0.9562,0.0438,disk144.prn
Emissivity of Disk Surface (3.5 inch  1.44mb Floppy Diskette),Aluminum Alloy,8.306,0.9561,0.0439,disk144.prn
Emissivity of Disk Surface (3.5 inch  1.44mb Floppy Diskette),Aluminum Alloy,8.2795,0.95593,0.04407,disk144.prn
Emissivity of Disk Surface (3.5 inch  1.44mb Floppy Diskette),Aluminum Alloy,8.2531,0.95571,0.04429,disk144.prn
Emissivity of Disk Surface (3.5 inch  1.44mb Floppy Diskette),Aluminum Alloy,8.2269,0.95555,0.04445,disk144.prn
Emissivity of Disk Surface (3.5 inch  1.44mb Floppy Diskette),Aluminum Alloy,8.2008,0.95569,0.04431,disk144.prn
Emissivity of Disk Surface (3.5 inch  1.44mb Floppy Diskette),Aluminum Alloy,8.175,0.95558,0.04442,disk144.prn
Emissivity of Disk Surface (3.5 inch  1.44mb Floppy Diskette),Aluminum Alloy,8.1493,0.95556,0.04444,disk144.prn
Emissivity of Disk Surface (3.5 inch  1.44mb Floppy Diskette),Aluminum Alloy,8.1237,0.95551,0.04449,disk144.prn
Emissivity of Disk Surface (3.5 inch  1.44mb Floppy Diskette),Aluminum Alloy,8.0983,0.95579,0.04421,disk144.prn
Emissivity of Disk Surface (3.5 inch  1.44mb Floppy Diskette),Aluminum Alloy,8.0731,0.95551,0.04449,disk144.prn
Emissivity of Disk Surface (3.5 inch  1.44mb Floppy Diskette),Aluminum Alloy,8.048,0.95552,0.04448,disk144.prn
Emissivity of Disk Surface (3.5 inch  1.44mb Floppy Diskette),Aluminum Alloy,8.0231,0.95568,0.04432,disk144.prn
Emissivity of a Black Plastic Box Top,Polyurethane Coating,13.9326,0.95781,0.04219,blkplsttp.prn
Emissivity of a Black Plastic Box Top,Polyurethane Coating,13.8581,0.9563,0.0437,blkplsttp.prn
Emissivity of a Black Plastic Box Top,Polyurethane Coating,13.7844,0.95282,0.04718,blkplsttp.prn
Emissivity of a Black Plastic Box Top,Polyurethane Coating,13.7115,0.95099,0.04901,blkplsttp.prn
Emissivity of a Black Plastic Box Top,Polyurethane Coating,13.6393,0.95395,0.04605,blkplsttp.prn
Emissivity of a Black Plastic Box Top,Polyurethane Coating,13.5679,0.95235,0.04765,blkplsttp.prn
Emissivity of a Black Plastic Box Top,Polyurethane Coating,13.4972,0.9531,0.0469,blkplsttp.prn
Emissivity of a Black Plastic Box Top,Polyurethane Coating,13.4273,0.95547,0.04453,blkplsttp.prn
Emissivity of a Black Plastic Box Top,Polyurethane Coating,13.3581,0.95671,0.04329,blkplsttp.prn
Emissivity of a Black Plastic Box Top,Polyurethane Coating,13.2896,0.95891,0.04109,blkplsttp.prn
Emissivity of a Black Plastic Box Top,Polyurethane Coating,13.2218,0.96076,0.03924,blkplsttp.prn
Emissivity of a Black Plastic Box Top,Polyurethane Coating,13.1546,0.95925,0.04075,blkplsttp.prn
Emissivity of a Black Plastic Box Top,Polyurethane Coating,13.0882,0.96581,0.03419,blkplsttp.prn
Emissivity of a Black Plastic Box Top,Polyurethane Coating,13.0224,0.96355,0.03645,blkplsttp.prn
Emissivity of a Black Plastic Box Top,Polyurethane Coating,12.9573,0.96122,0.03878,blkplsttp.prn
Emissivity of a Black Plastic Box Top,Polyurethane Coating,12.8929,0.96045,0.03955,blkplsttp.prn
Emissivity of a Black Plastic Box Top,Polyurethane Coating,12.829,0.95404,0.04596,blkplsttp.prn
Emissivity of a Black Plastic Box Top,Polyurethane Coating,12.7658,0.95162,0.04838,blkplsttp.prn
Emissivity of a Black Plastic Box Top,Polyurethane Coating,12.7033,0.94708,0.05292,blkplsttp.prn
Emissivity of a Black Plastic Box Top,Polyurethane Coating,12.6413,0.94399,0.05601,blkplsttp.prn
Emissivity of a Black Plastic Box Top,Polyurethane Coating,12.5799,0.94244,0.05756,blkplsttp.prn
Emissivity of a Black Plastic Box Top,Polyurethane Coating,12.5192,0.94373,0.05627,blkplsttp.prn
Emissivity of a Black Plastic Box Top,Polyurethane Coating,12.459,0.93955,0.06045,blkplsttp.prn
Emissivity of a Black Plastic Box Top,Polyurethane Coating,12.3994,0.93745,0.06255,blkplsttp.prn
Emissivity of a Black Plastic Box Top,Polyurethane Coating,12.3403,0.93712,0.06288,blkplsttp.prn
Emissivity of a Black Plastic Box Top,Polyurethane Coating,12.2818,0.93301,0.06699,blkplsttp.prn
Emissivity of a Black Plastic Box Top,Polyurethane Coating,12.2239,0.93508,0.06492,blkplsttp.prn
Emissivity of a Black Plastic Box Top,Polyurethane Coating,12.1665,0.93386,0.06614,blkplsttp.prn
Emissivity of a Black Plastic Box Top,Polyurethane Coating,12.1097,0.93371,0.06629,blkplsttp.prn
Emissivity of a Black Plastic Box Top,Polyurethane Coating,12.0533,0.93502,0.06498,blkplsttp.prn
Emissivity of a Black Plastic Box Top,Polyurethane Coating,11.9975,0.93547,0.06453,blkplsttp.prn
Emissivity of a Black Plastic Box Top,Polyurethane Coating,11.9422,0.93897,0.06103,blkplsttp.prn
Emissivity of a Black Plastic Box Top,Polyurethane Coating,11.8875,0.93943,0.06057,blkplsttp.prn
Emissivity of a Black Plastic Box Top,Polyurethane Coating,11.8332,0.9402,0.0598,blkplsttp.prn
Emissivity of a Black Plastic Box Top,Polyurethane Coating,11.7794,0.93693,0.06307,blkplsttp.prn
Emissivity of a Black Plastic Box Top,Polyurethane Coating,11.7261,0.93815,0.06185,blkplsttp.prn
Emissivity of a Black Plastic Box Top,Polyurethane Coating,11.6733,0.93716,0.06284,blkplsttp.prn
Emissivity of a Black Plastic Box Top,Polyurethane Coating,11.6209,0.9372,0.0628,blkplsttp.prn
Emissivity of a Black Plastic Box Top,Polyurethane Coating,11.569,0.93557,0.06443,blkplsttp.prn
Emissivity of a Black Plastic Box Top,Polyurethane Coating,11.5176,0.93384,0.06616,blkplsttp.prn
Emissivity of a Black Plastic Box Top,Polyurethane Coating,11.4667,0.93316,0.06684,blkplsttp.prn
Emissivity of a Black Plastic Box Top,Polyurethane Coating,11.4161,0.93238,0.06762,blkplsttp.prn
Emissivity of a Black Plastic Box Top,Polyurethane Coating,11.3661,0.93282,0.06718,blkplsttp.prn
Emissivity of a Black Plastic Box Top,Polyurethane Coating,11.3164,0.93392,0.06608,blkplsttp.prn
Emissivity of a Black Plastic Box Top,Polyurethane Coating,11.2672,0.9361,0.0639,blkplsttp.prn
Emissivity of a Black Plastic Box Top,Polyurethane Coating,11.2185,0.93578,0.06422,blkplsttp.prn
Emissivity of a Black Plastic Box Top,Polyurethane Coating,11.1701,0.93815,0.06185,blkplsttp.prn
Emissivity of a Black Plastic Box Top,Polyurethane Coating,11.1222,0.93973,0.06027,blkplsttp.prn
Emissivity of a Black Plastic Box Top,Polyurethane Coating,11.0746,0.94212,0.05788,blkplsttp.prn
Emissivity of a Black Plastic Box Top,Polyurethane Coating,11.0275,0.94118,0.05882,blkplsttp.prn
Emissivity of a Black Plastic Box Top,Polyurethane Coating,10.9808,0.94066,0.05934,blkplsttp.prn
Emissivity of a Black Plastic Box Top,Polyurethane Coating,10.9345,0.93881,0.06119,blkplsttp.prn
Emissivity of a Black Plastic Box Top,Polyurethane Coating,10.8885,0.93799,0.06201,blkplsttp.prn
Emissivity of a Black Plastic Box Top,Polyurethane Coating,10.8429,0.93873,0.06127,blkplsttp.prn
Emissivity of a Black Plastic Box Top,Polyurethane Coating,10.7978,0.93595,0.06405,blkplsttp.prn
Emissivity of a Black Plastic Box Top,Polyurethane Coating,10.753,0.93862,0.06138,blkplsttp.prn
Emissivity of a Black Plastic Box Top,Polyurethane Coating,10.7085,0.93884,0.06116,blkplsttp.prn
Emissivity of a Black Plastic Box Top,Polyurethane Coating,10.6645,0.93889,0.06111,blkplsttp.prn
Emissivity of a Black Plastic Box Top,Polyurethane Coating,10.6208,0.93857,0.06143,blkplsttp.prn
Emissivity of a Black Plastic Box Top,Polyurethane Coating,10.5774,0.93902,0.06098,blkplsttp.prn
Emissivity of a Black Plastic Box Top,Polyurethane Coating,10.5344,0.93867,0.06133,blkplsttp.prn
Emissivity of a Black Plastic Box Top,Polyurethane Coating,10.4918,0.93786,0.06214,blkplsttp.prn
Emissivity of a Black Plastic Box Top,Polyurethane Coating,10.4495,0.94017,0.05983,blkplsttp.prn
Emissivity of a Black Plastic Box Top,Polyurethane Coating,10.4075,0.94039,0.05961,blkplsttp.prn
Emissivity of a Black Plastic Box Top,Polyurethane Coating,10.3659,0.93954,0.06046,blkplsttp.prn
Emissivity of a Black Plastic Box Top,Polyurethane Coating,10.3246,0.93919,0.06081,blkplsttp.prn
Emissivity of a Black Plastic Box Top,Polyurethane Coating,10.2836,0.93802,0.06198,blkplsttp.prn
Emissivity of a Black Plastic Box Top,Polyurethane Coating,10.2429,0.93969,0.06031,blkplsttp.prn
Emissivity of a Black Plastic Box Top,Polyurethane Coating,10.2026,0.9395,0.0605,blkplsttp.prn
Emissivity of a Black Plastic Box Top,Polyurethane Coating,10.1626,0.93846,0.06154,blkplsttp.prn
Emissivity of a Black Plastic Box Top,Polyurethane Coating,10.1229,0.94016,0.05984,blkplsttp.prn
Emissivity of a Black Plastic Box Top,Polyurethane Coating,10.0835,0.93785,0.06215,blkplsttp.prn
Emissivity of a Black Plastic Box Top,Polyurethane Coating,10.0444,0.93935,0.06065,blkplsttp.prn
Emissivity of a Black Plastic Box Top,Polyurethane Coating,10.0057,0.9417,0.0583,blkplsttp.prn
Emissivity of a Black Plastic Box Top,Polyurethane Coating,9.9672,0.94003,0.05997,blkplsttp.prn
Emissivity of a Black Plastic Box Top,Polyurethane Coating,9.929,0.94026,0.05974,blkplsttp.prn
Emissivity of a Black Plastic Box Top,Polyurethane Coating,9.8911,0.94082,0.05918,blkplsttp.prn
Emissivity of a Black Plastic Box Top,Polyurethane Coating,9.8535,0.94074,0.05926,blkplsttp.prn
Emissivity of a Black Plastic Box Top,Polyurethane Coating,9.8162,0.94004,0.05996,blkplsttp.prn
Emissivity of a Black Plastic Box Top,Polyurethane Coating,9.7791,0.94112,0.05888,blkplsttp.prn
Emissivity of a Black Plastic Box Top,Polyurethane Coating,9.7424,0.9439,0.0561,blkplsttp.prn
Emissivity of a Black Plastic Box Top,Polyurethane Coating,9.7059,0.94267,0.05733,blkplsttp.prn
Emissivity of a Black Plastic Box Top,Polyurethane Coating,9.6697,0.93995,0.06005,blkplsttp.prn
Emissivity of a Black Plastic Box Top,Polyurethane Coating,9.6337,0.93903,0.06097,blkplsttp.prn
Emissivity of a Black Plastic Box Top,Polyurethane Coating,9.598,0.93837,0.06163,blkplsttp.prn
Emissivity of a Black Plastic Box Top,Polyurethane Coating,9.5626,0.93922,0.06078,blkplsttp.prn
Emissivity of a Black Plastic Box Top,Polyurethane Coating,9.5274,0.94151,0.05849,blkplsttp.prn
Emissivity of a Black Plastic Box Top,Polyurethane Coating,9.4925,0.94098,0.05902,blkplsttp.prn
Emissivity of a Black Plastic Box Top,Polyurethane Coating,9.4579,0.94254,0.05746,blkplsttp.prn
Emissivity of a Black Plastic Box Top,Polyurethane Coating,9.4235,0.94112,0.05888,blkplsttp.prn
Emissivity of a Black Plastic Box Top,Polyurethane Coating,9.3894,0.94408,0.05592,blkplsttp.prn
Emissivity of a Black Plastic Box Top,Polyurethane Coating,9.3555,0.94299,0.05701,blkplsttp.prn
Emissivity of a Black Plastic Box Top,Polyurethane Coating,9.3218,0.94059,0.05941,blkplsttp.prn
Emissivity of a Black Plastic Box Top,Polyurethane Coating,9.2884,0.94297,0.05703,blkplsttp.prn
Emissivity of a Black Plastic Box Top,Polyurethane Coating,9.2552,0.93914,0.06086,blkplsttp.prn
Emissivity of a Black Plastic Box Top,Polyurethane Coating,9.2223,0.93918,0.06082,blkplsttp.prn
Emissivity of a Black Plastic Box Top,Polyurethane Coating,9.1896,0.94219,0.05781,blkplsttp.prn
Emissivity of a Black Plastic Box Top,Polyurethane Coating,9.1571,0.94043,0.05957,blkplsttp.prn
Emissivity of a Black Plastic Box Top,Polyurethane Coating,9.1249,0.93964,0.06036,blkplsttp.prn
Emissivity of a Black Plastic Box Top,Polyurethane Coating,9.0929,0.93994,0.06006,blkplsttp.prn
Emissivity of a Black Plastic Box Top,Polyurethane Coating,9.0611,0.94053,0.05947,blkplsttp.prn
Emissivity of a Black Plastic Box Top,Polyurethane Coating,9.0295,0.93815,0.06185,blkplsttp.prn
Emissivity of a Black Plastic Box Top,Polyurethane Coating,8.9982,0.94046,0.05954,blkplsttp.prn
Emissivity of a Black Plastic Box Top,Polyurethane Coating,8.967,0.93916,0.06084,blkplsttp.prn
Emissivity of a Black Plastic Box Top,Polyurethane Coating,8.9361,0.93664,0.06336,blkplsttp.prn
Emissivity of a Black Plastic Box Top,Polyurethane Coating,8.9054,0.93878,0.06122,blkplsttp.prn
Emissivity of a Black Plastic Box Top,Polyurethane Coating,8.8749,0.93729,0.06271,blkplsttp.prn
Emissivity of a Black Plastic Box Top,Polyurethane Coating,8.8446,0.93843,0.06157,blkplsttp.prn
Emissivity of a Black Plastic Box Top,Polyurethane Coating,8.8145,0.93679,0.06321,blkplsttp.prn
Emissivity of a Black Plastic Box Top,Polyurethane Coating,8.7846,0.93834,0.06166,blkplsttp.prn
Emissivity of a Black Plastic Box Top,Polyurethane Coating,8.755,0.93889,0.06111,blkplsttp.prn
Emissivity of a Black Plastic Box Top,Polyurethane Coating,8.7255,0.939,0.061,blkplsttp.prn
Emissivity of a Black Plastic Box Top,Polyurethane Coating,8.6962,0.94189,0.05811,blkplsttp.prn
Emissivity of a Black Plastic Box Top,Polyurethane Coating,8.6671,0.9416,0.0584,blkplsttp.prn
Emissivity of a Black Plastic Box Top,Polyurethane Coating,8.6382,0.94242,0.05758,blkplsttp.prn
Emissivity of a Black Plastic Box Top,Polyurethane Coating,8.6095,0.94069,0.05931,blkplsttp.prn
Emissivity of a Black Plastic Box Top,Polyurethane Coating,8.581,0.94357,0.05643,blkplsttp.prn
Emissivity of a Black Plastic Box Top,Polyurethane Coating,8.5527,0.94319,0.05681,blkplsttp.prn
Emissivity of a Black Plastic Box Top,Polyurethane Coating,8.5246,0.94358,0.05642,blkplsttp.prn
Emissivity of a Black Plastic Box Top,Polyurethane Coating,8.4966,0.94219,0.05781,blkplsttp.prn
Emissivity of a Black Plastic Box Top,Polyurethane Coating,8.4688,0.94364,0.05636,blkplsttp.prn
Emissivity of a Black Plastic Box Top,Polyurethane Coating,8.4413,0.9457,0.0543,blkplsttp.prn
Emissivity of a Black Plastic Box Top,Polyurethane Coating,8.4139,0.9427,0.0573,blkplsttp.prn
Emissivity of a Black Plastic Box Top,Polyurethane Coating,8.3866,0.94242,0.05758,blkplsttp.prn
Emissivity of a Black Plastic Box Top,Polyurethane Coating,8.3596,0.94318,0.05682,blkplsttp.prn
Emissivity of a Black Plastic Box Top,Polyurethane Coating,8.3327,0.94109,0.05891,blkplsttp.prn
Emissivity of a Black Plastic Box Top,Polyurethane Coating,8.306,0.94259,0.05741,blkplsttp.prn
Emissivity of a Black Plastic Box Top,Polyurethane Coating,8.2795,0.93961,0.06039,blkplsttp.prn
Emissivity of a Black Plastic Box Top,Polyurethane Coating,8.2531,0.94133,0.05867,blkplsttp.prn
Emissivity of a Black Plastic Box Top,Polyurethane Coating,8.2269,0.94027,0.05973,blkplsttp.prn
Emissivity of a Black Plastic Box Top,Polyurethane Coating,8.2008,0.94048,0.05952,blkplsttp.prn
Emissivity of a Black Plastic Box Top,Polyurethane Coating,8.175,0.93985,0.06015,blkplsttp.prn
Emissivity of a Black Plastic Box Top,Polyurethane Coating,8.1493,0.9416,0.0584,blkplsttp.prn
Emissivity of a Black Plastic Box Top,Polyurethane Coating,8.1237,0.94078,0.05922,blkplsttp.prn
Emissivity of a Black Plastic Box Top,Polyurethane Coating,8.0983,0.94069,0.05931,blkplsttp.prn
Emissivity of a Black Plastic Box Top,Polyurethane Coating,8.0731,0.94048,0.05952,blkplsttp.prn
Emissivity of a Black Plastic Box Top,Polyurethane Coating,8.048,0.94069,0.05931,blkplsttp.prn
Emissivity of a Black Plastic Box Top,Polyurethane Coating,8.0231,0.93971,0.06029,blkplsttp.prn
Sample 1 - Aluminum Color Paint on Sandpaper,Aluminum Alloy,13.9326,0.36051,0.63949,alumsnd1.prn
Sample 1 - Aluminum Color Paint on Sandpaper,Aluminum Alloy,13.8581,0.36005,0.63995,alumsnd1.prn
Sample 1 - Aluminum Color Paint on Sandpaper,Aluminum Alloy,13.7844,0.35913,0.64087,alumsnd1.prn
Sample 1 - Aluminum Color Paint on Sandpaper,Aluminum Alloy,13.7115,0.35886,0.64114,alumsnd1.prn
Sample 1 - Aluminum Color Paint on Sandpaper,Aluminum Alloy,13.6393,0.35873,0.64128,alumsnd1.prn
Sample 1 - Aluminum Color Paint on Sandpaper,Aluminum Alloy,13.5679,0.35799,0.64201,alumsnd1.prn
Sample 1 - Aluminum Color Paint on Sandpaper,Aluminum Alloy,13.4972,0.35664,0.64336,alumsnd1.prn
Sample 1 - Aluminum Color Paint on Sandpaper,Aluminum Alloy,13.4273,0.35575,0.64425,alumsnd1.prn
Sample 1 - Aluminum Color Paint on Sandpaper,Aluminum Alloy,13.3581,0.35477,0.64523,alumsnd1.prn
Sample 1 - Aluminum Color Paint on Sandpaper,Aluminum Alloy,13.2896,0.35387,0.64613,alumsnd1.prn
Sample 1 - Aluminum Color Paint on Sandpaper,Aluminum Alloy,13.2218,0.35299,0.64701,alumsnd1.prn
Sample 1 - Aluminum Color Paint on Sandpaper,Aluminum Alloy,13.1546,0.35264,0.64736,alumsnd1.prn
Sample 1 - Aluminum Color Paint on Sandpaper,Aluminum Alloy,13.0882,0.3522,0.6478,alumsnd1.prn
Sample 1 - Aluminum Color Paint on Sandpaper,Aluminum Alloy,13.0224,0.35251,0.64749,alumsnd1.prn
Sample 1 - Aluminum Color Paint on Sandpaper,Aluminum Alloy,12.9573,0.35334,0.64666,alumsnd1.prn
Sample 1 - Aluminum Color Paint on Sandpaper,Aluminum Alloy,12.8929,0.35437,0.64563,alumsnd1.prn
Sample 1 - Aluminum Color Paint on Sandpaper,Aluminum Alloy,12.829,0.3549,0.6451,alumsnd1.prn
Sample 1 - Aluminum Color Paint on Sandpaper,Aluminum Alloy,12.7658,0.35593,0.64407,alumsnd1.prn
Sample 1 - Aluminum Color Paint on Sandpaper,Aluminum Alloy,12.7033,0.35751,0.64249,alumsnd1.prn
Sample 1 - Aluminum Color Paint on Sandpaper,Aluminum Alloy,12.6413,0.35933,0.64067,alumsnd1.prn
Sample 1 - Aluminum Color Paint on Sandpaper,Aluminum Alloy,12.5799,0.36086,0.63914,alumsnd1.prn
Sample 1 - Aluminum Color Paint on Sandpaper,Aluminum Alloy,12.5192,0.36207,0.63793,alumsnd1.prn
Sample 1 - Aluminum Color Paint on Sandpaper,Aluminum Alloy,12.459,0.36292,0.63708,alumsnd1.prn
Sample 1 - Aluminum Color Paint on Sandpaper,Aluminum Alloy,12.3994,0.36335,0.63665,alumsnd1.prn
Sample 1 - Aluminum Color Paint on Sandpaper,Aluminum Alloy,12.3403,0.36366,0.63634,alumsnd1.prn
Sample 1 - Aluminum Color Paint on Sandpaper,Aluminum Alloy,12.2818,0.36413,0.63587,alumsnd1.prn
Sample 1 - Aluminum Color Paint on Sandpaper,Aluminum Alloy,12.2239,0.36363,0.63637,alumsnd1.prn
Sample 1 - Aluminum Color Paint on Sandpaper,Aluminum Alloy,12.1665,0.36285,0.63715,alumsnd1.prn
Sample 1 - Aluminum Color Paint on Sandpaper,Aluminum Alloy,12.1097,0.3618,0.6382,alumsnd1.prn
Sample 1 - Aluminum Color Paint on Sandpaper,Aluminum Alloy,12.0533,0.36083,0.63917,alumsnd1.prn
Sample 1 - Aluminum Color Paint on Sandpaper,Aluminum Alloy,11.9975,0.35988,0.64012,alumsnd1.prn
Sample 1 - Aluminum Color Paint on Sandpaper,Aluminum Alloy,11.9422,0.35855,0.64145,alumsnd1.prn
Sample 1 - Aluminum Color Paint on Sandpaper,Aluminum Alloy,11.8875,0.3576,0.6424,alumsnd1.prn
Sample 1 - Aluminum Color Paint on Sandpaper,Aluminum Alloy,11.8332,0.3565,0.6435,alumsnd1.prn
Sample 1 - Aluminum Color Paint on Sandpaper,Aluminum Alloy,11.7794,0.35562,0.64438,alumsnd1.prn
Sample 1 - Aluminum Color Paint on Sandpaper,Aluminum Alloy,11.7261,0.35478,0.64522,alumsnd1.prn
Sample 1 - Aluminum Color Paint on Sandpaper,Aluminum Alloy,11.6733,0.35385,0.64615,alumsnd1.prn
Sample 1 - Aluminum Color Paint on Sandpaper,Aluminum Alloy,11.6209,0.35293,0.64707,alumsnd1.prn
Sample 1 - Aluminum Color Paint on Sandpaper,Aluminum Alloy,11.569,0.35202,0.64798,alumsnd1.prn
Sample 1 - Aluminum Color Paint on Sandpaper,Aluminum Alloy,11.5176,0.35147,0.64853,alumsnd1.prn
Sample 1 - Aluminum Color Paint on Sandpaper,Aluminum Alloy,11.4667,0.35145,0.64855,alumsnd1.prn
Sample 1 - Aluminum Color Paint on Sandpaper,Aluminum Alloy,11.4161,0.35137,0.64863,alumsnd1.prn
Sample 1 - Aluminum Color Paint on Sandpaper,Aluminum Alloy,11.3661,0.35141,0.64859,alumsnd1.prn
Sample 1 - Aluminum Color Paint on Sandpaper,Aluminum Alloy,11.3164,0.35131,0.64869,alumsnd1.prn
Sample 1 - Aluminum Color Paint on Sandpaper,Aluminum Alloy,11.2672,0.35133,0.64867,alumsnd1.prn
Sample 1 - Aluminum Color Paint on Sandpaper,Aluminum Alloy,11.2185,0.35161,0.64839,alumsnd1.prn
Sample 1 - Aluminum Color Paint on Sandpaper,Aluminum Alloy,11.1701,0.35178,0.64822,alumsnd1.prn
Sample 1 - Aluminum Color Paint on Sandpaper,Aluminum Alloy,11.1222,0.35205,0.64795,alumsnd1.prn
Sample 1 - Aluminum Color Paint on Sandpaper,Aluminum Alloy,11.0746,0.35193,0.64807,alumsnd1.prn
Sample 1 - Aluminum Color Paint on Sandpaper,Aluminum Alloy,11.0275,0.35176,0.64824,alumsnd1.prn
Sample 1 - Aluminum Color Paint on Sandpaper,Aluminum Alloy,10.9808,0.35176,0.64824,alumsnd1.prn
Sample 1 - Aluminum Color Paint on Sandpaper,Aluminum Alloy,10.9345,0.3516,0.6484,alumsnd1.prn
Sample 1 - Aluminum Color Paint on Sandpaper,Aluminum Alloy,10.8885,0.35131,0.64868,alumsnd1.prn
Sample 1 - Aluminum Color Paint on Sandpaper,Aluminum Alloy,10.8429,0.35105,0.64895,alumsnd1.prn
Sample 1 - Aluminum Color Paint on Sandpaper,Aluminum Alloy,10.7978,0.35067,0.64933,alumsnd1.prn
Sample 1 - Aluminum Color Paint on Sandpaper,Aluminum Alloy,10.753,0.35044,0.64956,alumsnd1.prn
Sample 1 - Aluminum Color Paint on Sandpaper,Aluminum Alloy,10.7085,0.34982,0.65018,alumsnd1.prn
Sample 1 - Aluminum Color Paint on Sandpaper,Aluminum Alloy,10.6645,0.34938,0.65062,alumsnd1.prn
Sample 1 - Aluminum Color Paint on Sandpaper,Aluminum Alloy,10.6208,0.34899,0.65101,alumsnd1.prn
Sample 1 - Aluminum Color Paint on Sandpaper,Aluminum Alloy,10.5774,0.34835,0.65165,alumsnd1.prn
Sample 1 - Aluminum Color Paint on Sandpaper,Aluminum Alloy,10.5344,0.34782,0.65218,alumsnd1.prn
Sample 1 - Aluminum Color Paint on Sandpaper,Aluminum Alloy,10.4918,0.34706,0.65294,alumsnd1.prn
Sample 1 - Aluminum Color Paint on Sandpaper,Aluminum Alloy,10.4495,0.34657,0.65343,alumsnd1.prn
Sample 1 - Aluminum Color Paint on Sandpaper,Aluminum Alloy,10.4075,0.34618,0.65382,alumsnd1.prn
Sample 1 - Aluminum Color Paint on Sandpaper,Aluminum Alloy,10.3659,0.34592,0.65408,alumsnd1.prn
Sample 1 - Aluminum Color Paint on Sandpaper,Aluminum Alloy,10.3246,0.34583,0.65417,alumsnd1.prn
Sample 1 - Aluminum Color Paint on Sandpaper,Aluminum Alloy,10.2836,0.34562,0.65438,alumsnd1.prn
Sample 1 - Aluminum Color Paint on Sandpaper,Aluminum Alloy,10.2429,0.3452,0.6548,alumsnd1.prn
Sample 1 - Aluminum Color Paint on Sandpaper,Aluminum Alloy,10.2026,0.34491,0.65509,alumsnd1.prn
Sample 1 - Aluminum Color Paint on Sandpaper,Aluminum Alloy,10.1626,0.34511,0.65489,alumsnd1.prn
Sample 1 - Aluminum Color Paint on Sandpaper,Aluminum Alloy,10.1229,0.34527,0.65473,alumsnd1.prn
Sample 1 - Aluminum Color Paint on Sandpaper,Aluminum Alloy,10.0835,0.34537,0.65463,alumsnd1.prn
Sample 1 - Aluminum Color Paint on Sandpaper,Aluminum Alloy,10.0444,0.34529,0.65471,alumsnd1.prn
Sample 1 - Aluminum Color Paint on Sandpaper,Aluminum Alloy,10.0057,0.3453,0.6547,alumsnd1.prn
Sample 1 - Aluminum Color Paint on Sandpaper,Aluminum Alloy,9.9672,0.34544,0.65456,alumsnd1.prn
Sample 1 - Aluminum Color Paint on Sandpaper,Aluminum Alloy,9.929,0.3457,0.6543,alumsnd1.prn
Sample 1 - Aluminum Color Paint on Sandpaper,Aluminum Alloy,9.8911,0.3461,0.6539,alumsnd1.prn
Sample 1 - Aluminum Color Paint on Sandpaper,Aluminum Alloy,9.8535,0.34633,0.65367,alumsnd1.prn
Sample 1 - Aluminum Color Paint on Sandpaper,Aluminum Alloy,9.8162,0.34614,0.65386,alumsnd1.prn
Sample 1 - Aluminum Color Paint on Sandpaper,Aluminum Alloy,9.7791,0.3463,0.6537,alumsnd1.prn
Sample 1 - Aluminum Color Paint on Sandpaper,Aluminum Alloy,9.7424,0.3465,0.6535,alumsnd1.prn
Sample 1 - Aluminum Color Paint on Sandpaper,Aluminum Alloy,9.7059,0.34677,0.65322,alumsnd1.prn
Sample 1 - Aluminum Color Paint on Sandpaper,Aluminum Alloy,9.6697,0.34698,0.65302,alumsnd1.prn
Sample 1 - Aluminum Color Paint on Sandpaper,Aluminum Alloy,9.6337,0.34714,0.65286,alumsnd1.prn
Sample 1 - Aluminum Color Paint on Sandpaper,Aluminum Alloy,9.598,0.34732,0.65268,alumsnd1.prn
Sample 1 - Aluminum Color Paint on Sandpaper,Aluminum Alloy,9.5626,0.34707,0.65293,alumsnd1.prn
Sample 1 - Aluminum Color Paint on Sandpaper,Aluminum Alloy,9.5274,0.34739,0.65261,alumsnd1.prn
Sample 1 - Aluminum Color Paint on Sandpaper,Aluminum Alloy,9.4925,0.34787,0.65213,alumsnd1.prn
Sample 1 - Aluminum Color Paint on Sandpaper,Aluminum Alloy,9.4579,0.34874,0.65126,alumsnd1.prn
Sample 1 - Aluminum Color Paint on Sandpaper,Aluminum Alloy,9.4235,0.34911,0.65089,alumsnd1.prn
Sample 1 - Aluminum Color Paint on Sandpaper,Aluminum Alloy,9.3894,0.34969,0.65031,alumsnd1.prn
Sample 1 - Aluminum Color Paint on Sandpaper,Aluminum Alloy,9.3555,0.35017,0.64983,alumsnd1.prn
Sample 1 - Aluminum Color Paint on Sandpaper,Aluminum Alloy,9.3218,0.35077,0.64923,alumsnd1.prn
Sample 1 - Aluminum Color Paint on Sandpaper,Aluminum Alloy,9.2884,0.35145,0.64855,alumsnd1.prn
Sample 1 - Aluminum Color Paint on Sandpaper,Aluminum Alloy,9.2552,0.35249,0.64751,alumsnd1.prn
Sample 1 - Aluminum Color Paint on Sandpaper,Aluminum Alloy,9.2223,0.35333,0.64667,alumsnd1.prn
Sample 1 - Aluminum Color Paint on Sandpaper,Aluminum Alloy,9.1896,0.3538,0.6462,alumsnd1.prn
Sample 1 - Aluminum Color Paint on Sandpaper,Aluminum Alloy,9.1571,0.35392,0.64608,alumsnd1.prn
Sample 1 - Aluminum Color Paint on Sandpaper,Aluminum Alloy,9.1249,0.35467,0.64533,alumsnd1.prn
Sample 1 - Aluminum Color Paint on Sandpaper,Aluminum Alloy,9.0929,0.35518,0.64482,alumsnd1.prn
Sample 1 - Aluminum Color Paint on Sandpaper,Aluminum Alloy,9.0611,0.3556,0.6444,alumsnd1.prn
Sample 1 - Aluminum Color Paint on Sandpaper,Aluminum Alloy,9.0295,0.35563,0.64437,alumsnd1.prn
Sample 1 - Aluminum Color Paint on Sandpaper,Aluminum Alloy,8.9982,0.35572,0.64428,alumsnd1.prn
Sample 1 - Aluminum Color Paint on Sandpaper,Aluminum Alloy,8.967,0.3558,0.6442,alumsnd1.prn
Sample 1 - Aluminum Color Paint on Sandpaper,Aluminum Alloy,8.9361,0.3554,0.6446,alumsnd1.prn
Sample 1 - Aluminum Color Paint on Sandpaper,Aluminum Alloy,8.9054,0.35531,0.64469,alumsnd1.prn
Sample 1 - Aluminum Color Paint on Sandpaper,Aluminum Alloy,8.8749,0.35499,0.64501,alumsnd1.prn
Sample 1 - Aluminum Color Paint on Sandpaper,Aluminum Alloy,8.8446,0.35457,0.64543,alumsnd1.prn
Sample 1 - Aluminum Color Paint on Sandpaper,Aluminum Alloy,8.8145,0.35458,0.64542,alumsnd1.prn
Sample 1 - Aluminum Color Paint on Sandpaper,Aluminum Alloy,8.7846,0.35438,0.64562,alumsnd1.prn
Sample 1 - Aluminum Color Paint on Sandpaper,Aluminum Alloy,8.755,0.35442,0.64558,alumsnd1.prn
Sample 1 - Aluminum Color Paint on Sandpaper,Aluminum Alloy,8.7255,0.35418,0.64582,alumsnd1.prn
Sample 1 - Aluminum Color Paint on Sandpaper,Aluminum Alloy,8.6962,0.35385,0.64615,alumsnd1.prn
Sample 1 - Aluminum Color Paint on Sandpaper,Aluminum Alloy,8.6671,0.3539,0.6461,alumsnd1.prn
Sample 1 - Aluminum Color Paint on Sandpaper,Aluminum Alloy,8.6382,0.35386,0.64614,alumsnd1.prn
Sample 1 - Aluminum Color Paint on Sandpaper,Aluminum Alloy,8.6095,0.35402,0.64599,alumsnd1.prn
Sample 1 - Aluminum Color Paint on Sandpaper,Aluminum Alloy,8.581,0.35372,0.64628,alumsnd1.prn
Sample 1 - Aluminum Color Paint on Sandpaper,Aluminum Alloy,8.5527,0.35333,0.64667,alumsnd1.prn
Sample 1 - Aluminum Color Paint on Sandpaper,Aluminum Alloy,8.5246,0.35325,0.64675,alumsnd1.prn
Sample 1 - Aluminum Color Paint on Sandpaper,Aluminum Alloy,8.4966,0.35312,0.64688,alumsnd1.prn
Sample 1 - Aluminum Color Paint on Sandpaper,Aluminum Alloy,8.4688,0.35332,0.64668,alumsnd1.prn
Sample 1 - Aluminum Color Paint on Sandpaper,Aluminum Alloy,8.4413,0.35346,0.64654,alumsnd1.prn
Sample 1 - Aluminum Color Paint on Sandpaper,Aluminum Alloy,8.4139,0.35377,0.64623,alumsnd1.prn
Sample 1 - Aluminum Color Paint on Sandpaper,Aluminum Alloy,8.3866,0.35417,0.64583,alumsnd1.prn
Sample 1 - Aluminum Color Paint on Sandpaper,Aluminum Alloy,8.3596,0.35459,0.64541,alumsnd1.prn
Sample 1 - Aluminum Color Paint on Sandpaper,Aluminum Alloy,8.3327,0.35583,0.64417,alumsnd1.prn
Sample 1 - Aluminum Color Paint on Sandpaper,Aluminum Alloy,8.306,0.3568,0.6432,alumsnd1.prn
Sample 1 - Aluminum Color Paint on Sandpaper,Aluminum Alloy,8.2795,0.35797,0.64203,alumsnd1.prn
Sample 1 - Aluminum Color Paint on Sandpaper,Aluminum Alloy,8.2531,0.35934,0.64066,alumsnd1.prn
Sample 1 - Aluminum Color Paint on Sandpaper,Aluminum Alloy,8.2269,0.36056,0.63945,alumsnd1.prn
Sample 1 - Aluminum Color Paint on Sandpaper,Aluminum Alloy,8.2008,0.36147,0.63853,alumsnd1.prn
Sample 1 - Aluminum Color Paint on Sandpaper,Aluminum Alloy,8.175,0.36189,0.63811,alumsnd1.prn
Sample 1 - Aluminum Color Paint on Sandpaper,Aluminum Alloy,8.1493,0.36186,0.63814,alumsnd1.prn
Sample 1 - Aluminum Color Paint on Sandpaper,Aluminum Alloy,8.1237,0.36188,0.63812,alumsnd1.prn
Sample 1 - Aluminum Color Paint on Sandpaper,Aluminum Alloy,8.0983,0.36158,0.63842,alumsnd1.prn
Sample 1 - Aluminum Color Paint on Sandpaper,Aluminum Alloy,8.0731,0.36096,0.63904,alumsnd1.prn
Sample 1 - Aluminum Color Paint on Sandpaper,Aluminum Alloy,8.048,0.36,0.64,alumsnd1.prn
Sample 1 - Aluminum Color Paint on Sandpaper,Aluminum Alloy,8.0231,0.35879,0.64121,alumsnd1.prn
Sample 3 - Aluminum Color Paint on Sandpaper,Aluminum Alloy,13.9326,0.34707,0.65293,alumsnd3.prn
Sample 3 - Aluminum Color Paint on Sandpaper,Aluminum Alloy,13.8581,0.34314,0.65686,alumsnd3.prn
Sample 3 - Aluminum Color Paint on Sandpaper,Aluminum Alloy,13.7844,0.34079,0.65921,alumsnd3.prn
Sample 3 - Aluminum Color Paint on Sandpaper,Aluminum Alloy,13.7115,0.34795,0.65205,alumsnd3.prn
Sample 3 - Aluminum Color Paint on Sandpaper,Aluminum Alloy,13.6393,0.34592,0.65408,alumsnd3.prn
Sample 3 - Aluminum Color Paint on Sandpaper,Aluminum Alloy,13.5679,0.34114,0.65886,alumsnd3.prn
Sample 3 - Aluminum Color Paint on Sandpaper,Aluminum Alloy,13.4972,0.34102,0.65898,alumsnd3.prn
Sample 3 - Aluminum Color Paint on Sandpaper,Aluminum Alloy,13.4273,0.33792,0.66207,alumsnd3.prn
Sample 3 - Aluminum Color Paint on Sandpaper,Aluminum Alloy,13.3581,0.33646,0.66355,alumsnd3.prn
Sample 3 - Aluminum Color Paint on Sandpaper,Aluminum Alloy,13.2896,0.33578,0.66422,alumsnd3.prn
Sample 3 - Aluminum Color Paint on Sandpaper,Aluminum Alloy,13.2218,0.33526,0.66474,alumsnd3.prn
Sample 3 - Aluminum Color Paint on Sandpaper,Aluminum Alloy,13.1546,0.33674,0.66326,alumsnd3.prn
Sample 3 - Aluminum Color Paint on Sandpaper,Aluminum Alloy,13.0882,0.33708,0.66292,alumsnd3.prn
Sample 3 - Aluminum Color Paint on Sandpaper,Aluminum Alloy,13.0224,0.33934,0.66066,alumsnd3.prn
Sample 3 - Aluminum Color Paint on Sandpaper,Aluminum Alloy,12.9573,0.33962,0.66038,alumsnd3.prn
Sample 3 - Aluminum Color Paint on Sandpaper,Aluminum Alloy,12.8929,0.33976,0.66024,alumsnd3.prn
Sample 3 - Aluminum Color Paint on Sandpaper,Aluminum Alloy,12.829,0.34354,0.65646,alumsnd3.prn
Sample 3 - Aluminum Color Paint on Sandpaper,Aluminum Alloy,12.7658,0.34492,0.65508,alumsnd3.prn
Sample 3 - Aluminum Color Paint on Sandpaper,Aluminum Alloy,12.7033,0.34179,0.65821,alumsnd3.prn
Sample 3 - Aluminum Color Paint on Sandpaper,Aluminum Alloy,12.6413,0.33819,0.66181,alumsnd3.prn
Sample 3 - Aluminum Color Paint on Sandpaper,Aluminum Alloy,12.5799,0.33926,0.66074,alumsnd3.prn
Sample 3 - Aluminum Color Paint on Sandpaper,Aluminum Alloy,12.5192,0.33905,0.66095,alumsnd3.prn
Sample 3 - Aluminum Color Paint on Sandpaper,Aluminum Alloy,12.459,0.3403,0.6597,alumsnd3.prn
Sample 3 - Aluminum Color Paint on Sandpaper,Aluminum Alloy,12.3994,0.3437,0.6563,alumsnd3.prn
Sample 3 - Aluminum Color Paint on Sandpaper,Aluminum Alloy,12.3403,0.34263,0.65737,alumsnd3.prn
Sample 3 - Aluminum Color Paint on Sandpaper,Aluminum Alloy,12.2818,0.34746,0.65254,alumsnd3.prn
Sample 3 - Aluminum Color Paint on Sandpaper,Aluminum Alloy,12.2239,0.34432,0.65568,alumsnd3.prn
Sample 3 - Aluminum Color Paint on Sandpaper,Aluminum Alloy,12.1665,0.34409,0.65591,alumsnd3.prn
Sample 3 - Aluminum Color Paint on Sandpaper,Aluminum Alloy,12.1097,0.34605,0.65395,alumsnd3.prn
Sample 3 - Aluminum Color Paint on Sandpaper,Aluminum Alloy,12.0533,0.34131,0.65868,alumsnd3.prn
Sample 3 - Aluminum Color Paint on Sandpaper,Aluminum Alloy,11.9975,0.34086,0.65914,alumsnd3.prn
Sample 3 - Aluminum Color Paint on Sandpaper,Aluminum Alloy,11.9422,0.33873,0.66127,alumsnd3.prn
Sample 3 - Aluminum Color Paint on Sandpaper,Aluminum Alloy,11.8875,0.33943,0.66057,alumsnd3.prn
Sample 3 - Aluminum Color Paint on Sandpaper,Aluminum Alloy,11.8332,0.34194,0.65806,alumsnd3.prn
Sample 3 - Aluminum Color Paint on Sandpaper,Aluminum Alloy,11.7794,0.3401,0.6599,alumsnd3.prn
Sample 3 - Aluminum Color Paint on Sandpaper,Aluminum Alloy,11.7261,0.33855,0.66145,alumsnd3.prn
Sample 3 - Aluminum Color Paint on Sandpaper,Aluminum Alloy,11.6733,0.33818,0.66182,alumsnd3.prn
Sample 3 - Aluminum Color Paint on Sandpaper,Aluminum Alloy,11.6209,0.3404,0.6596,alumsnd3.prn
Sample 3 - Aluminum Color Paint on Sandpaper,Aluminum Alloy,11.569,0.34048,0.65952,alumsnd3.prn
Sample 3 - Aluminum Color Paint on Sandpaper,Aluminum Alloy,11.5176,0.33927,0.66073,alumsnd3.prn
Sample 3 - Aluminum Color Paint on Sandpaper,Aluminum Alloy,11.4667,0.33811,0.66189,alumsnd3.prn
Sample 3 - Aluminum Color Paint on Sandpaper,Aluminum Alloy,11.4161,0.34095,0.65905,alumsnd3.prn
Sample 3 - Aluminum Color Paint on Sandpaper,Aluminum Alloy,11.3661,0.34025,0.65975,alumsnd3.prn
Sample 3 - Aluminum Color Paint on Sandpaper,Aluminum Alloy,11.3164,0.3414,0.6586,alumsnd3.prn
Sample 3 - Aluminum Color Paint on Sandpaper,Aluminum Alloy,11.2672,0.33764,0.66236,alumsnd3.prn
Sample 3 - Aluminum Color Paint on Sandpaper,Aluminum Alloy,11.2185,0.33852,0.66148,alumsnd3.prn
Sample 3 - Aluminum Color Paint on Sandpaper,Aluminum Alloy,11.1701,0.33877,0.66123,alumsnd3.prn
Sample 3 - Aluminum Color Paint on Sandpaper,Aluminum Alloy,11.1222,0.34057,0.65943,alumsnd3.prn
Sample 3 - Aluminum Color Paint on Sandpaper,Aluminum Alloy,11.0746,0.34046,0.65954,alumsnd3.prn
Sample 3 - Aluminum Color Paint on Sandpaper,Aluminum Alloy,11.0275,0.34061,0.65939,alumsnd3.prn
Sample 3 - Aluminum Color Paint on Sandpaper,Aluminum Alloy,10.9808,0.342,0.658,alumsnd3.prn
Sample 3 - Aluminum Color Paint on Sandpaper,Aluminum Alloy,10.9345,0.34107,0.65894,alumsnd3.prn
Sample 3 - Aluminum Color Paint on Sandpaper,Aluminum Alloy,10.8885,0.34355,0.65645,alumsnd3.prn
Sample 3 - Aluminum Color Paint on Sandpaper,Aluminum Alloy,10.8429,0.34336,0.65664,alumsnd3.prn
Sample 3 - Aluminum Color Paint on Sandpaper,Aluminum Alloy,10.7978,0.34373,0.65627,alumsnd3.prn
Sample 3 - Aluminum Color Paint on Sandpaper,Aluminum Alloy,10.753,0.34148,0.65852,alumsnd3.prn
Sample 3 - Aluminum Color Paint on Sandpaper,Aluminum Alloy,10.7085,0.34266,0.65734,alumsnd3.prn
Sample 3 - Aluminum Color Paint on Sandpaper,Aluminum Alloy,10.6645,0.34181,0.65819,alumsnd3.prn
Sample 3 - Aluminum Color Paint on Sandpaper,Aluminum Alloy,10.6208,0.34035,0.65965,alumsnd3.prn
Sample 3 - Aluminum Color Paint on Sandpaper,Aluminum Alloy,10.5774,0.34067,0.65933,alumsnd3.prn
Sample 3 - Aluminum Color Paint on Sandpaper,Aluminum Alloy,10.5344,0.33984,0.66016,alumsnd3.prn
Sample 3 - Aluminum Color Paint on Sandpaper,Aluminum Alloy,10.4918,0.33908,0.66092,alumsnd3.prn
Sample 3 - Aluminum Color Paint on Sandpaper,Aluminum Alloy,10.4495,0.3397,0.6603,alumsnd3.prn
Sample 3 - Aluminum Color Paint on Sandpaper,Aluminum Alloy,10.4075,0.33809,0.66191,alumsnd3.prn
Sample 3 - Aluminum Color Paint on Sandpaper,Aluminum Alloy,10.3659,0.34052,0.65948,alumsnd3.prn
Sample 3 - Aluminum Color Paint on Sandpaper,Aluminum Alloy,10.3246,0.33915,0.66085,alumsnd3.prn
Sample 3 - Aluminum Color Paint on Sandpaper,Aluminum Alloy,10.2836,0.34012,0.65988,alumsnd3.prn
Sample 3 - Aluminum Color Paint on Sandpaper,Aluminum Alloy,10.2429,0.33914,0.66086,alumsnd3.prn
Sample 3 - Aluminum Color Paint on Sandpaper,Aluminum Alloy,10.2026,0.34071,0.65929,alumsnd3.prn
Sample 3 - Aluminum Color Paint on Sandpaper,Aluminum Alloy,10.1626,0.34066,0.65934,alumsnd3.prn
Sample 3 - Aluminum Color Paint on Sandpaper,Aluminum Alloy,10.1229,0.34051,0.65949,alumsnd3.prn
Sample 3 - Aluminum Color Paint on Sandpaper,Aluminum Alloy,10.0835,0.34054,0.65946,alumsnd3.prn
Sample 3 - Aluminum Color Paint on Sandpaper,Aluminum Alloy,10.0444,0.3402,0.6598,alumsnd3.prn
Sample 3 - Aluminum Color Paint on Sandpaper,Aluminum Alloy,10.0057,0.34249,0.65751,alumsnd3.prn
Sample 3 - Aluminum Color Paint on Sandpaper,Aluminum Alloy,9.9672,0.34049,0.65951,alumsnd3.prn
Sample 3 - Aluminum Color Paint on Sandpaper,Aluminum Alloy,9.929,0.3412,0.6588,alumsnd3.prn
Sample 3 - Aluminum Color Paint on Sandpaper,Aluminum Alloy,9.8911,0.34247,0.65753,alumsnd3.prn
Sample 3 - Aluminum Color Paint on Sandpaper,Aluminum Alloy,9.8535,0.34399,0.65601,alumsnd3.prn
Sample 3 - Aluminum Color Paint on Sandpaper,Aluminum Alloy,9.8162,0.34372,0.65628,alumsnd3.prn
Sample 3 - Aluminum Color Paint on Sandpaper,Aluminum Alloy,9.7791,0.34271,0.65729,alumsnd3.prn
Sample 3 - Aluminum Color Paint on Sandpaper,Aluminum Alloy,9.7424,0.34198,0.65802,alumsnd3.prn
Sample 3 - Aluminum Color Paint on Sandpaper,Aluminum Alloy,9.7059,0.34288,0.65712,alumsnd3.prn
Sample 3 - Aluminum Color Paint on Sandpaper,Aluminum Alloy,9.6697,0.34175,0.65825,alumsnd3.prn
Sample 3 - Aluminum Color Paint on Sandpaper,Aluminum Alloy,9.6337,0.34268,0.65732,alumsnd3.prn
Sample 3 - Aluminum Color Paint on Sandpaper,Aluminum Alloy,9.598,0.3405,0.6595,alumsnd3.prn
Sample 3 - Aluminum Color Paint on Sandpaper,Aluminum Alloy,9.5626,0.34216,0.65784,alumsnd3.prn
Sample 3 - Aluminum Color Paint on Sandpaper,Aluminum Alloy,9.5274,0.34207,0.65793,alumsnd3.prn
Sample 3 - Aluminum Color Paint on Sandpaper,Aluminum Alloy,9.4925,0.34258,0.65742,alumsnd3.prn
Sample 3 - Aluminum Color Paint on Sandpaper,Aluminum Alloy,9.4579,0.3424,0.6576,alumsnd3.prn
Sample 3 - Aluminum Color Paint on Sandpaper,Aluminum Alloy,9.4235,0.34375,0.65625,alumsnd3.prn
Sample 3 - Aluminum Color Paint on Sandpaper,Aluminum Alloy,9.3894,0.34383,0.65617,alumsnd3.prn
Sample 3 - Aluminum Color Paint on Sandpaper,Aluminum Alloy,9.3555,0.34424,0.65576,alumsnd3.prn
Sample 3 - Aluminum Color Paint on Sandpaper,Aluminum Alloy,9.3218,0.3461,0.6539,alumsnd3.prn
Sample 3 - Aluminum Color Paint on Sandpaper,Aluminum Alloy,9.2884,0.34798,0.65202,alumsnd3.prn
Sample 3 - Aluminum Color Paint on Sandpaper,Aluminum Alloy,9.2552,0.34642,0.65358,alumsnd3.prn
Sample 3 - Aluminum Color Paint on Sandpaper,Aluminum Alloy,9.2223,0.34635,0.65365,alumsnd3.prn
Sample 3 - Aluminum Color Paint on Sandpaper,Aluminum Alloy,9.1896,0.34903,0.65097,alumsnd3.prn
Sample 3 - Aluminum Color Paint on Sandpaper,Aluminum Alloy,9.1571,0.35302,0.64698,alumsnd3.prn
Sample 3 - Aluminum Color Paint on Sandpaper,Aluminum Alloy,9.1249,0.35344,0.64656,alumsnd3.prn
Sample 3 - Aluminum Color Paint on Sandpaper,Aluminum Alloy,9.0929,0.3538,0.6462,alumsnd3.prn
Sample 3 - Aluminum Color Paint on Sandpaper,Aluminum Alloy,9.0611,0.35242,0.64758,alumsnd3.prn
Sample 3 - Aluminum Color Paint on Sandpaper,Aluminum Alloy,9.0295,0.35075,0.64925,alumsnd3.prn
Sample 3 - Aluminum Color Paint on Sandpaper,Aluminum Alloy,8.9982,0.35213,0.64787,alumsnd3.prn
Sample 3 - Aluminum Color Paint on Sandpaper,Aluminum Alloy,8.967,0.35457,0.64543,alumsnd3.prn
Sample 3 - Aluminum Color Paint on Sandpaper,Aluminum Alloy,8.9361,0.35274,0.64726,alumsnd3.prn
Sample 3 - Aluminum Color Paint on Sandpaper,Aluminum Alloy,8.9054,0.35414,0.64586,alumsnd3.prn
Sample 3 - Aluminum Color Paint on Sandpaper,Aluminum Alloy,8.8749,0.35274,0.64726,alumsnd3.prn
Sample 3 - Aluminum Color Paint on Sandpaper,Aluminum Alloy,8.8446,0.35253,0.64746,alumsnd3.prn
Sample 3 - Aluminum Color Paint on Sandpaper,Aluminum Alloy,8.8145,0.3524,0.6476,alumsnd3.prn
Sample 3 - Aluminum Color Paint on Sandpaper,Aluminum Alloy,8.7846,0.35298,0.64702,alumsnd3.prn
Sample 3 - Aluminum Color Paint on Sandpaper,Aluminum Alloy,8.755,0.35212,0.64788,alumsnd3.prn
Sample 3 - Aluminum Color Paint on Sandpaper,Aluminum Alloy,8.7255,0.35482,0.64518,alumsnd3.prn
Sample 3 - Aluminum Color Paint on Sandpaper,Aluminum Alloy,8.6962,0.35412,0.64588,alumsnd3.prn
Sample 3 - Aluminum Color Paint on Sandpaper,Aluminum Alloy,8.6671,0.35459,0.64541,alumsnd3.prn
Sample 3 - Aluminum Color Paint on Sandpaper,Aluminum Alloy,8.6382,0.35406,0.64594,alumsnd3.prn
Sample 3 - Aluminum Color Paint on Sandpaper,Aluminum Alloy,8.6095,0.35389,0.64611,alumsnd3.prn
Sample 3 - Aluminum Color Paint on Sandpaper,Aluminum Alloy,8.581,0.35541,0.64459,alumsnd3.prn
Sample 3 - Aluminum Color Paint on Sandpaper,Aluminum Alloy,8.5527,0.3535,0.6465,alumsnd3.prn
Sample 3 - Aluminum Color Paint on Sandpaper,Aluminum Alloy,8.5246,0.35271,0.64729,alumsnd3.prn
Sample 3 - Aluminum Color Paint on Sandpaper,Aluminum Alloy,8.4966,0.35234,0.64766,alumsnd3.prn
Sample 3 - Aluminum Color Paint on Sandpaper,Aluminum Alloy,8.4688,0.35159,0.64841,alumsnd3.prn
Sample 3 - Aluminum Color Paint on Sandpaper,Aluminum Alloy,8.4413,0.35114,0.64886,alumsnd3.prn
Sample 3 - Aluminum Color Paint on Sandpaper,Aluminum Alloy,8.4139,0.35039,0.64961,alumsnd3.prn
Sample 3 - Aluminum Color Paint on Sandpaper,Aluminum Alloy,8.3866,0.34973,0.65027,alumsnd3.prn
Sample 3 - Aluminum Color Paint on Sandpaper,Aluminum Alloy,8.3596,0.35015,0.64985,alumsnd3.prn
Sample 3 - Aluminum Color Paint on Sandpaper,Aluminum Alloy,8.3327,0.35168,0.64832,alumsnd3.prn
Sample 3 - Aluminum Color Paint on Sandpaper,Aluminum Alloy,8.306,0.35255,0.64745,alumsnd3.prn
Sample 3 - Aluminum Color Paint on Sandpaper,Aluminum Alloy,8.2795,0.35258,0.64742,alumsnd3.prn
Sample 3 - Aluminum Color Paint on Sandpaper,Aluminum Alloy,8.2531,0.3549,0.6451,alumsnd3.prn
Sample 3 - Aluminum Color Paint on Sandpaper,Aluminum Alloy,8.2269,0.35592,0.64408,alumsnd3.prn
Sample 3 - Aluminum Color Paint on Sandpaper,Aluminum Alloy,8.2008,0.3574,0.6426,alumsnd3.prn
Sample 3 - Aluminum Color Paint on Sandpaper,Aluminum Alloy,8.175,0.35876,0.64124,alumsnd3.prn
Sample 3 - Aluminum Color Paint on Sandpaper,Aluminum Alloy,8.1493,0.35874,0.64126,alumsnd3.prn
Sample 3 - Aluminum Color Paint on Sandpaper,Aluminum Alloy,8.1237,0.35841,0.64159,alumsnd3.prn
Sample 3 - Aluminum Color Paint on Sandpaper,Aluminum Alloy,8.0983,0.35754,0.64246,alumsnd3.prn
Sample 3 - Aluminum Color Paint on Sandpaper,Aluminum Alloy,8.0731,0.35527,0.64473,alumsnd3.prn
Sample 3 - Aluminum Color Paint on Sandpaper,Aluminum Alloy,8.048,0.35464,0.64536,alumsnd3.prn
Sample 3 - Aluminum Color Paint on Sandpaper,Aluminum Alloy,8.0231,0.35534,0.64466,alumsnd3.prn
Gold Paint on Sandpaper,Anti-Optical Coating,13.9326,0.3477,0.6523,goldsnd1.prn
Gold Paint on Sandpaper,Anti-Optical Coating,13.8581,0.34743,0.65257,goldsnd1.prn
Gold Paint on Sandpaper,Anti-Optical Coating,13.7844,0.34756,0.65244,goldsnd1.prn
Gold Paint on Sandpaper,Anti-Optical Coating,13.7115,0.34712,0.65288,goldsnd1.prn
Gold Paint on Sandpaper,Anti-Optical Coating,13.6393,0.34677,0.65323,goldsnd1.prn
Gold Paint on Sandpaper,Anti-Optical Coating,13.5679,0.34663,0.65337,goldsnd1.prn
Gold Paint on Sandpaper,Anti-Optical Coating,13.4972,0.34631,0.65369,goldsnd1.prn
Gold Paint on Sandpaper,Anti-Optical Coating,13.4273,0.34561,0.65439,goldsnd1.prn
Gold Paint on Sandpaper,Anti-Optical Coating,13.3581,0.34497,0.65502,goldsnd1.prn
Gold Paint on Sandpaper,Anti-Optical Coating,13.2896,0.34448,0.65552,goldsnd1.prn
Gold Paint on Sandpaper,Anti-Optical Coating,13.2218,0.34382,0.65618,goldsnd1.prn
Gold Paint on Sandpaper,Anti-Optical Coating,13.1546,0.34305,0.65695,goldsnd1.prn
Gold Paint on Sandpaper,Anti-Optical Coating,13.0882,0.34267,0.65733,goldsnd1.prn
Gold Paint on Sandpaper,Anti-Optical Coating,13.0224,0.34224,0.65776,goldsnd1.prn
Gold Paint on Sandpaper,Anti-Optical Coating,12.9573,0.34163,0.65837,goldsnd1.prn
Gold Paint on Sandpaper,Anti-Optical Coating,12.8929,0.34122,0.65878,goldsnd1.prn
Gold Paint on Sandpaper,Anti-Optical Coating,12.829,0.34124,0.65876,goldsnd1.prn
Gold Paint on Sandpaper,Anti-Optical Coating,12.7658,0.34095,0.65905,goldsnd1.prn
Gold Paint on Sandpaper,Anti-Optical Coating,12.7033,0.34058,0.65942,goldsnd1.prn
Gold Paint on Sandpaper,Anti-Optical Coating,12.6413,0.34036,0.65964,goldsnd1.prn
Gold Paint on Sandpaper,Anti-Optical Coating,12.5799,0.3402,0.6598,goldsnd1.prn
Gold Paint on Sandpaper,Anti-Optical Coating,12.5192,0.33996,0.66004,goldsnd1.prn
Gold Paint on Sandpaper,Anti-Optical Coating,12.459,0.33987,0.66013,goldsnd1.prn
Gold Paint on Sandpaper,Anti-Optical Coating,12.3994,0.33965,0.66034,goldsnd1.prn
Gold Paint on Sandpaper,Anti-Optical Coating,12.3403,0.33911,0.66089,goldsnd1.prn
Gold Paint on Sandpaper,Anti-Optical Coating,12.2818,0.33862,0.66138,goldsnd1.prn
Gold Paint on Sandpaper,Anti-Optical Coating,12.2239,0.33833,0.66167,goldsnd1.prn
Gold Paint on Sandpaper,Anti-Optical Coating,12.1665,0.33788,0.66212,goldsnd1.prn
Gold Paint on Sandpaper,Anti-Optical Coating,12.1097,0.3377,0.6623,goldsnd1.prn
Gold Paint on Sandpaper,Anti-Optical Coating,12.0533,0.33749,0.66251,goldsnd1.prn
Gold Paint on Sandpaper,Anti-Optical Coating,11.9975,0.33712,0.66288,goldsnd1.prn
Gold Paint on Sandpaper,Anti-Optical Coating,11.9422,0.33657,0.66343,goldsnd1.prn
Gold Paint on Sandpaper,Anti-Optical Coating,11.8875,0.33609,0.66391,goldsnd1.prn
Gold Paint on Sandpaper,Anti-Optical Coating,11.8332,0.33596,0.66404,goldsnd1.prn
Gold Paint on Sandpaper,Anti-Optical Coating,11.7794,0.33546,0.66454,goldsnd1.prn
Gold Paint on Sandpaper,Anti-Optical Coating,11.7261,0.33542,0.66458,goldsnd1.prn
Gold Paint on Sandpaper,Anti-Optical Coating,11.6733,0.33562,0.66438,goldsnd1.prn
Gold Paint on Sandpaper,Anti-Optical Coating,11.6209,0.33594,0.66406,goldsnd1.prn
Gold Paint on Sandpaper,Anti-Optical Coating,11.569,0.33637,0.66363,goldsnd1.prn
Gold Paint on Sandpaper,Anti-Optical Coating,11.5176,0.33644,0.66356,goldsnd1.prn
Gold Paint on Sandpaper,Anti-Optical Coating,11.4667,0.33645,0.66355,goldsnd1.prn
Gold Paint on Sandpaper,Anti-Optical Coating,11.4161,0.33654,0.66346,goldsnd1.prn
Gold Paint on Sandpaper,Anti-Optical Coating,11.3661,0.33641,0.66359,goldsnd1.prn
Gold Paint on Sandpaper,Anti-Optical Coating,11.3164,0.33649,0.66351,goldsnd1.prn
Gold Paint on Sandpaper,Anti-Optical Coating,11.2672,0.33642,0.66358,goldsnd1.prn
Gold Paint on Sandpaper,Anti-Optical Coating,11.2185,0.33602,0.66398,goldsnd1.prn
Gold Paint on Sandpaper,Anti-Optical Coating,11.1701,0.33581,0.66419,goldsnd1.prn
Gold Paint on Sandpaper,Anti-Optical Coating,11.1222,0.33534,0.66466,goldsnd1.prn
Gold Paint on Sandpaper,Anti-Optical Coating,11.0746,0.33537,0.66463,goldsnd1.prn
Gold Paint on Sandpaper,Anti-Optical Coating,11.0275,0.33543,0.66457,goldsnd1.prn
Gold Paint on Sandpaper,Anti-Optical Coating,10.9808,0.33538,0.66462,goldsnd1.prn
Gold Paint on Sandpaper,Anti-Optical Coating,10.9345,0.33537,0.66463,goldsnd1.prn
Gold Paint on Sandpaper,Anti-Optical Coating,10.8885,0.33534,0.66466,goldsnd1.prn
Gold Paint on Sandpaper,Anti-Optical Coating,10.8429,0.33521,0.66479,goldsnd1.prn
Gold Paint on Sandpaper,Anti-Optical Coating,10.7978,0.33513,0.66487,goldsnd1.prn
Gold Paint on Sandpaper,Anti-Optical Coating,10.753,0.33465,0.66535,goldsnd1.prn
Gold Paint on Sandpaper,Anti-Optical Coating,10.7085,0.33446,0.66554,goldsnd1.prn
Gold Paint on Sandpaper,Anti-Optical Coating,10.6645,0.33401,0.66599,goldsnd1.prn
Gold Paint on Sandpaper,Anti-Optical Coating,10.6208,0.3339,0.6661,goldsnd1.prn
Gold Paint on Sandpaper,Anti-Optical Coating,10.5774,0.33383,0.66617,goldsnd1.prn
Gold Paint on Sandpaper,Anti-Optical Coating,10.5344,0.33371,0.66629,goldsnd1.prn
Gold Paint on Sandpaper,Anti-Optical Coating,10.4918,0.33387,0.66613,goldsnd1.prn
Gold Paint on Sandpaper,Anti-Optical Coating,10.4495,0.33419,0.66581,goldsnd1.prn
Gold Paint on Sandpaper,Anti-Optical Coating,10.4075,0.3344,0.6656,goldsnd1.prn
Gold Paint on Sandpaper,Anti-Optical Coating,10.3659,0.33476,0.66524,goldsnd1.prn
Gold Paint on Sandpaper,Anti-Optical Coating,10.3246,0.33501,0.66499,goldsnd1.prn
Gold Paint on Sandpaper,Anti-Optical Coating,10.2836,0.33565,0.66435,goldsnd1.prn
Gold Paint on Sandpaper,Anti-Optical Coating,10.2429,0.33624,0.66376,goldsnd1.prn
Gold Paint on Sandpaper,Anti-Optical Coating,10.2026,0.33716,0.66284,goldsnd1.prn
Gold Paint on Sandpaper,Anti-Optical Coating,10.1626,0.33792,0.66208,goldsnd1.prn
Gold Paint on Sandpaper,Anti-Optical Coating,10.1229,0.33869,0.66131,goldsnd1.prn
Gold Paint on Sandpaper,Anti-Optical Coating,10.0835,0.33932,0.66068,goldsnd1.prn
Gold Paint on Sandpaper,Anti-Optical Coating,10.0444,0.34023,0.65977,goldsnd1.prn
Gold Paint on Sandpaper,Anti-Optical Coating,10.0057,0.34114,0.65886,goldsnd1.prn
Gold Paint on Sandpaper,Anti-Optical Coating,9.9672,0.34206,0.65794,goldsnd1.prn
Gold Paint on Sandpaper,Anti-Optical Coating,9.929,0.34288,0.65712,goldsnd1.prn
Gold Paint on Sandpaper,Anti-Optical Coating,9.8911,0.34367,0.65633,goldsnd1.prn
Gold Paint on Sandpaper,Anti-Optical Coating,9.8535,0.34421,0.65579,goldsnd1.prn
Gold Paint on Sandpaper,Anti-Optical Coating,9.8162,0.34493,0.65507,goldsnd1.prn
Gold Paint on Sandpaper,Anti-Optical Coating,9.7791,0.34537,0.65463,goldsnd1.prn
Gold Paint on Sandpaper,Anti-Optical Coating,9.7424,0.34589,0.65411,goldsnd1.prn
Gold Paint on Sandpaper,Anti-Optical Coating,9.7059,0.34622,0.65378,goldsnd1.prn
Gold Paint on Sandpaper,Anti-Optical Coating,9.6697,0.34635,0.65365,goldsnd1.prn
Gold Paint on Sandpaper,Anti-Optical Coating,9.6337,0.34665,0.65335,goldsnd1.prn
Gold Paint on Sandpaper,Anti-Optical Coating,9.598,0.34695,0.65305,goldsnd1.prn
Gold Paint on Sandpaper,Anti-Optical Coating,9.5626,0.34716,0.65284,goldsnd1.prn
Gold Paint on Sandpaper,Anti-Optical Coating,9.5274,0.34719,0.65281,goldsnd1.prn
Gold Paint on Sandpaper,Anti-Optical Coating,9.4925,0.3472,0.6528,goldsnd1.prn
Gold Paint on Sandpaper,Anti-Optical Coating,9.4579,0.34735,0.65265,goldsnd1.prn
Gold Paint on Sandpaper,Anti-Optical Coating,9.4235,0.34758,0.65242,goldsnd1.prn
Gold Paint on Sandpaper,Anti-Optical Coating,9.3894,0.34754,0.65246,goldsnd1.prn
Gold Paint on Sandpaper,Anti-Optical Coating,9.3555,0.34774,0.65226,goldsnd1.prn
Gold Paint on Sandpaper,Anti-Optical Coating,9.3218,0.34798,0.65202,goldsnd1.prn
Gold Paint on Sandpaper,Anti-Optical Coating,9.2884,0.34795,0.65205,goldsnd1.prn
Gold Paint on Sandpaper,Anti-Optical Coating,9.2552,0.34812,0.65188,goldsnd1.prn
Gold Paint on Sandpaper,Anti-Optical Coating,9.2223,0.34846,0.65154,goldsnd1.prn
Gold Paint on Sandpaper,Anti-Optical Coating,9.1896,0.34879,0.65121,goldsnd1.prn
Gold Paint on Sandpaper,Anti-Optical Coating,9.1571,0.34905,0.65095,goldsnd1.prn
Gold Paint on Sandpaper,Anti-Optical Coating,9.1249,0.34887,0.65113,goldsnd1.prn
Gold Paint on Sandpaper,Anti-Optical Coating,9.0929,0.34897,0.65103,goldsnd1.prn
Gold Paint on Sandpaper,Anti-Optical Coating,9.0611,0.34891,0.65109,goldsnd1.prn
Gold Paint on Sandpaper,Anti-Optical Coating,9.0295,0.34851,0.65149,goldsnd1.prn
Gold Paint on Sandpaper,Anti-Optical Coating,8.9982,0.34793,0.65207,goldsnd1.prn
Gold Paint on Sandpaper,Anti-Optical Coating,8.967,0.34714,0.65286,goldsnd1.prn
Gold Paint on Sandpaper,Anti-Optical Coating,8.9361,0.34627,0.65373,goldsnd1.prn
Gold Paint on Sandpaper,Anti-Optical Coating,8.9054,0.34529,0.65471,goldsnd1.prn
Gold Paint on Sandpaper,Anti-Optical Coating,8.8749,0.34428,0.65572,goldsnd1.prn
Gold Paint on Sandpaper,Anti-Optical Coating,8.8446,0.34382,0.65618,goldsnd1.prn
Gold Paint on Sandpaper,Anti-Optical Coating,8.8145,0.34296,0.65704,goldsnd1.prn
Gold Paint on Sandpaper,Anti-Optical Coating,8.7846,0.34244,0.65756,goldsnd1.prn
Gold Paint on Sandpaper,Anti-Optical Coating,8.755,0.34197,0.65803,goldsnd1.prn
Gold Paint on Sandpaper,Anti-Optical Coating,8.7255,0.34165,0.65835,goldsnd1.prn
Gold Paint on Sandpaper,Anti-Optical Coating,8.6962,0.34143,0.65857,goldsnd1.prn
Gold Paint on Sandpaper,Anti-Optical Coating,8.6671,0.34119,0.65881,goldsnd1.prn
Gold Paint on Sandpaper,Anti-Optical Coating,8.6382,0.34094,0.65906,goldsnd1.prn
Gold Paint on Sandpaper,Anti-Optical Coating,8.6095,0.34079,0.65921,goldsnd1.prn
Gold Paint on Sandpaper,Anti-Optical Coating,8.581,0.34024,0.65976,goldsnd1.prn
Gold Paint on Sandpaper,Anti-Optical Coating,8.5527,0.3399,0.6601,goldsnd1.prn
Gold Paint on Sandpaper,Anti-Optical Coating,8.5246,0.33938,0.66061,goldsnd1.prn
Gold Paint on Sandpaper,Anti-Optical Coating,8.4966,0.33907,0.66093,goldsnd1.prn
Gold Paint on Sandpaper,Anti-Optical Coating,8.4688,0.33871,0.66129,goldsnd1.prn
Gold Paint on Sandpaper,Anti-Optical Coating,8.4413,0.3384,0.6616,goldsnd1.prn
Gold Paint on Sandpaper,Anti-Optical Coating,8.4139,0.33796,0.66204,goldsnd1.prn
Gold Paint on Sandpaper,Anti-Optical Coating,8.3866,0.33783,0.66217,goldsnd1.prn
Gold Paint on Sandpaper,Anti-Optical Coating,8.3596,0.33759,0.66241,goldsnd1.prn
Gold Paint on Sandpaper,Anti-Optical Coating,8.3327,0.33718,0.66282,goldsnd1.prn
Gold Paint on Sandpaper,Anti-Optical Coating,8.306,0.33693,0.66307,goldsnd1.prn
Gold Paint on Sandpaper,Anti-Optical Coating,8.2795,0.33671,0.66329,goldsnd1.prn
Gold Paint on Sandpaper,Anti-Optical Coating,8.2531,0.33632,0.66368,goldsnd1.prn
Gold Paint on Sandpaper,Anti-Optical Coating,8.2269,0.33601,0.66399,goldsnd1.prn
Gold Paint on Sandpaper,Anti-Optical Coating,8.2008,0.33575,0.66425,goldsnd1.prn
Gold Paint on Sandpaper,Anti-Optical Coating,8.175,0.33549,0.66451,goldsnd1.prn
Gold Paint on Sandpaper,Anti-Optical Coating,8.1493,0.3351,0.6649,goldsnd1.prn
Gold Paint on Sandpaper,Anti-Optical Coating,8.1237,0.33478,0.66522,goldsnd1.prn
Gold Paint on Sandpaper,Anti-Optical Coating,8.0983,0.3346,0.6654,goldsnd1.prn
Gold Paint on Sandpaper,Anti-Optical Coating,8.0731,0.33443,0.66557,goldsnd1.prn
Gold Paint on Sandpaper,Anti-Optical Coating,8.048,0.33403,0.66597,goldsnd1.prn
Gold Paint on Sandpaper,Anti-Optical Coating,8.0231,0.3338,0.6662,goldsnd1.prn
"Sample 1 - Black ""KRYLON"" Painted Sandpaper (Uniform Coverage - Done byManufacturer)",Polyurethane Coating,13.9326,0.96098,0.03902,krylon1.prn
"Sample 1 - Black ""KRYLON"" Painted Sandpaper (Uniform Coverage - Done byManufacturer)",Polyurethane Coating,13.8581,0.96104,0.03896,krylon1.prn
"Sample 1 - Black ""KRYLON"" Painted Sandpaper (Uniform Coverage - Done byManufacturer)",Polyurethane Coating,13.7844,0.96081,0.03919,krylon1.prn
"Sample 1 - Black ""KRYLON"" Painted Sandpaper (Uniform Coverage - Done byManufacturer)",Polyurethane Coating,13.7115,0.96171,0.03829,krylon1.prn
"Sample 1 - Black ""KRYLON"" Painted Sandpaper (Uniform Coverage - Done byManufacturer)",Polyurethane Coating,13.6393,0.96053,0.03947,krylon1.prn
"Sample 1 - Black ""KRYLON"" Painted Sandpaper (Uniform Coverage - Done byManufacturer)",Polyurethane Coating,13.5679,0.95954,0.04046,krylon1.prn
"Sample 1 - Black ""KRYLON"" Painted Sandpaper (Uniform Coverage - Done byManufacturer)",Polyurethane Coating,13.4972,0.95946,0.04054,krylon1.prn
"Sample 1 - Black ""KRYLON"" Painted Sandpaper (Uniform Coverage - Done byManufacturer)",Polyurethane Coating,13.4273,0.95967,0.04033,krylon1.prn
"Sample 1 - Black ""KRYLON"" Painted Sandpaper (Uniform Coverage - Done byManufacturer)",Polyurethane Coating,13.3581,0.95997,0.04003,krylon1.prn
"Sample 1 - Black ""KRYLON"" Painted Sandpaper (Uniform Coverage - Done byManufacturer)",Polyurethane Coating,13.2896,0.96019,0.03981,krylon1.prn
"Sample 1 - Black ""KRYLON"" Painted Sandpaper (Uniform Coverage - Done byManufacturer)",Polyurethane Coating,13.2218,0.96174,0.03826,krylon1.prn
"Sample 1 - Black ""KRYLON"" Painted Sandpaper (Uniform Coverage - Done byManufacturer)",Polyurethane Coating,13.1546,0.96196,0.03804,krylon1.prn
"Sample 1 - Black ""KRYLON"" Painted Sandpaper (Uniform Coverage - Done byManufacturer)",Polyurethane Coating,13.0882,0.96159,0.03841,krylon1.prn
"Sample 1 - Black ""KRYLON"" Painted Sandpaper (Uniform Coverage - Done byManufacturer)",Polyurethane Coating,13.0224,0.96015,0.03985,krylon1.prn
"Sample 1 - Black ""KRYLON"" Painted Sandpaper (Uniform Coverage - Done byManufacturer)",Polyurethane Coating,12.9573,0.96001,0.03999,krylon1.prn
"Sample 1 - Black ""KRYLON"" Painted Sandpaper (Uniform Coverage - Done byManufacturer)",Polyurethane Coating,12.8929,0.95991,0.04009,krylon1.prn
"Sample 1 - Black ""KRYLON"" Painted Sandpaper (Uniform Coverage - Done byManufacturer)",Polyurethane Coating,12.829,0.9599,0.0401,krylon1.prn
"Sample 1 - Black ""KRYLON"" Painted Sandpaper (Uniform Coverage - Done byManufacturer)",Polyurethane Coating,12.7658,0.95981,0.04019,krylon1.prn
"Sample 1 - Black ""KRYLON"" Painted Sandpaper (Uniform Coverage - Done byManufacturer)",Polyurethane Coating,12.7033,0.95968,0.04032,krylon1.prn
"Sample 1 - Black ""KRYLON"" Painted Sandpaper (Uniform Coverage - Done byManufacturer)",Polyurethane Coating,12.6413,0.95893,0.04107,krylon1.prn
"Sample 1 - Black ""KRYLON"" Painted Sandpaper (Uniform Coverage - Done byManufacturer)",Polyurethane Coating,12.5799,0.95986,0.04014,krylon1.prn
"Sample 1 - Black ""KRYLON"" Painted Sandpaper (Uniform Coverage - Done byManufacturer)",Polyurethane Coating,12.5192,0.96027,0.03973,krylon1.prn
"Sample 1 - Black ""KRYLON"" Painted Sandpaper (Uniform Coverage - Done byManufacturer)",Polyurethane Coating,12.459,0.96069,0.03931,krylon1.prn
"Sample 1 - Black ""KRYLON"" Painted Sandpaper (Uniform Coverage - Done byManufacturer)",Polyurethane Coating,12.3994,0.9596,0.0404,krylon1.prn
"Sample 1 - Black ""KRYLON"" Painted Sandpaper (Uniform Coverage - Done byManufacturer)",Polyurethane Coating,12.3403,0.96015,0.03985,krylon1.prn
"Sample 1 - Black ""KRYLON"" Painted Sandpaper (Uniform Coverage - Done byManufacturer)",Polyurethane Coating,12.2818,0.96065,0.03935,krylon1.prn
"Sample 1 - Black ""KRYLON"" Painted Sandpaper (Uniform Coverage - Done byManufacturer)",Polyurethane Coating,12.2239,0.96102,0.03898,krylon1.prn
"Sample 1 - Black ""KRYLON"" Painted Sandpaper (Uniform Coverage - Done byManufacturer)",Polyurethane Coating,12.1665,0.96051,0.03949,krylon1.prn
"Sample 1 - Black ""KRYLON"" Painted Sandpaper (Uniform Coverage - Done byManufacturer)",Polyurethane Coating,12.1097,0.9602,0.0398,krylon1.prn
"Sample 1 - Black ""KRYLON"" Painted Sandpaper (Uniform Coverage - Done byManufacturer)",Polyurethane Coating,12.0533,0.96003,0.03997,krylon1.prn
"Sample 1 - Black ""KRYLON"" Painted Sandpaper (Uniform Coverage - Done byManufacturer)",Polyurethane Coating,11.9975,0.95988,0.04012,krylon1.prn
"Sample 1 - Black ""KRYLON"" Painted Sandpaper (Uniform Coverage - Done byManufacturer)",Polyurethane Coating,11.9422,0.95982,0.04018,krylon1.prn
"Sample 1 - Black ""KRYLON"" Painted Sandpaper (Uniform Coverage - Done byManufacturer)",Polyurethane Coating,11.8875,0.95981,0.04019,krylon1.prn
"Sample 1 - Black ""KRYLON"" Painted Sandpaper (Uniform Coverage - Done byManufacturer)",Polyurethane Coating,11.8332,0.95955,0.04045,krylon1.prn
"Sample 1 - Black ""KRYLON"" Painted Sandpaper (Uniform Coverage - Done byManufacturer)",Polyurethane Coating,11.7794,0.95918,0.04082,krylon1.prn
"Sample 1 - Black ""KRYLON"" Painted Sandpaper (Uniform Coverage - Done byManufacturer)",Polyurethane Coating,11.7261,0.95889,0.04111,krylon1.prn
"Sample 1 - Black ""KRYLON"" Painted Sandpaper (Uniform Coverage - Done byManufacturer)",Polyurethane Coating,11.6733,0.95896,0.04104,krylon1.prn
"Sample 1 - Black ""KRYLON"" Painted Sandpaper (Uniform Coverage - Done byManufacturer)",Polyurethane Coating,11.6209,0.95906,0.04094,krylon1.prn
"Sample 1 - Black ""KRYLON"" Painted Sandpaper (Uniform Coverage - Done byManufacturer)",Polyurethane Coating,11.569,0.95927,0.04073,krylon1.prn
"Sample 1 - Black ""KRYLON"" Painted Sandpaper (Uniform Coverage - Done byManufacturer)",Polyurethane Coating,11.5176,0.95926,0.04074,krylon1.prn
"Sample 1 - Black ""KRYLON"" Painted Sandpaper (Uniform Coverage - Done byManufacturer)",Polyurethane Coating,11.4667,0.95873,0.04127,krylon1.prn
"Sample 1 - Black ""KRYLON"" Painted Sandpaper (Uniform Coverage - Done byManufacturer)",Polyurethane Coating,11.4161,0.95817,0.04183,krylon1.prn
"Sample 1 - Black ""KRYLON"" Painted Sandpaper (Uniform Coverage - Done byManufacturer)",Polyurethane Coating,11.3661,0.95838,0.04162,krylon1.prn
"Sample 1 - Black ""KRYLON"" Painted Sandpaper (Uniform Coverage - Done byManufacturer)",Polyurethane Coating,11.3164,0.95871,0.04129,krylon1.prn
"Sample 1 - Black ""KRYLON"" Painted Sandpaper (Uniform Coverage - Done byManufacturer)",Polyurethane Coating,11.2672,0.95947,0.04053,krylon1.prn
"Sample 1 - Black ""KRYLON"" Painted Sandpaper (Uniform Coverage - Done byManufacturer)",Polyurethane Coating,11.2185,0.9594,0.0406,krylon1.prn
"Sample 1 - Black ""KRYLON"" Painted Sandpaper (Uniform Coverage - Done byManufacturer)",Polyurethane Coating,11.1701,0.95925,0.04075,krylon1.prn
"Sample 1 - Black ""KRYLON"" Painted Sandpaper (Uniform Coverage - Done byManufacturer)",Polyurethane Coating,11.1222,0.95844,0.04156,krylon1.prn
"Sample 1 - Black ""KRYLON"" Painted Sandpaper (Uniform Coverage - Done byManufacturer)",Polyurethane Coating,11.0746,0.95823,0.04177,krylon1.prn
"Sample 1 - Black ""KRYLON"" Painted Sandpaper (Uniform Coverage - Done byManufacturer)",Polyurethane Coating,11.0275,0.95913,0.04087,krylon1.prn
"Sample 1 - Black ""KRYLON"" Painted Sandpaper (Uniform Coverage - Done byManufacturer)",Polyurethane Coating,10.9808,0.95966,0.04034,krylon1.prn
"Sample 1 - Black ""KRYLON"" Painted Sandpaper (Uniform Coverage - Done byManufacturer)",Polyurethane Coating,10.9345,0.95988,0.04012,krylon1.prn
"Sample 1 - Black ""KRYLON"" Painted Sandpaper (Uniform Coverage - Done byManufacturer)",Polyurethane Coating,10.8885,0.95953,0.04047,krylon1.prn
"Sample 1 - Black ""KRYLON"" Painted Sandpaper (Uniform Coverage - Done byManufacturer)",Polyurethane Coating,10.8429,0.96003,0.03997,krylon1.prn
"Sample 1 - Black ""KRYLON"" Painted Sandpaper (Uniform Coverage - Done byManufacturer)",Polyurethane Coating,10.7978,0.96014,0.03986,krylon1.prn
"Sample 1 - Black ""KRYLON"" Painted Sandpaper (Uniform Coverage - Done byManufacturer)",Polyurethane Coating,10.753,0.95991,0.04009,krylon1.prn
"Sample 1 - Black ""KRYLON"" Painted Sandpaper (Uniform Coverage - Done byManufacturer)",Polyurethane Coating,10.7085,0.959,0.041,krylon1.prn
"Sample 1 - Black ""KRYLON"" Painted Sandpaper (Uniform Coverage - Done byManufacturer)",Polyurethane Coating,10.6645,0.95852,0.04148,krylon1.prn
"Sample 1 - Black ""KRYLON"" Painted Sandpaper (Uniform Coverage - Done byManufacturer)",Polyurethane Coating,10.6208,0.9581,0.0419,krylon1.prn
"Sample 1 - Black ""KRYLON"" Painted Sandpaper (Uniform Coverage - Done byManufacturer)",Polyurethane Coating,10.5774,0.95756,0.04244,krylon1.prn
"Sample 1 - Black ""KRYLON"" Painted Sandpaper (Uniform Coverage - Done byManufacturer)",Polyurethane Coating,10.5344,0.95765,0.04235,krylon1.prn
"Sample 1 - Black ""KRYLON"" Painted Sandpaper (Uniform Coverage - Done byManufacturer)",Polyurethane Coating,10.4918,0.95764,0.04236,krylon1.prn
"Sample 1 - Black ""KRYLON"" Painted Sandpaper (Uniform Coverage - Done byManufacturer)",Polyurethane Coating,10.4495,0.95819,0.04181,krylon1.prn
"Sample 1 - Black ""KRYLON"" Painted Sandpaper (Uniform Coverage - Done byManufacturer)",Polyurethane Coating,10.4075,0.95801,0.04199,krylon1.prn
"Sample 1 - Black ""KRYLON"" Painted Sandpaper (Uniform Coverage - Done byManufacturer)",Polyurethane Coating,10.3659,0.95822,0.04178,krylon1.prn
"Sample 1 - Black ""KRYLON"" Painted Sandpaper (Uniform Coverage - Done byManufacturer)",Polyurethane Coating,10.3246,0.95771,0.04229,krylon1.prn
"Sample 1 - Black ""KRYLON"" Painted Sandpaper (Uniform Coverage - Done byManufacturer)",Polyurethane Coating,10.2836,0.95778,0.04222,krylon1.prn
"Sample 1 - Black ""KRYLON"" Painted Sandpaper (Uniform Coverage - Done byManufacturer)",Polyurethane Coating,10.2429,0.95793,0.04207,krylon1.prn
"Sample 1 - Black ""KRYLON"" Painted Sandpaper (Uniform Coverage - Done byManufacturer)",Polyurethane Coating,10.2026,0.95838,0.04162,krylon1.prn
"Sample 1 - Black ""KRYLON"" Painted Sandpaper (Uniform Coverage - Done byManufacturer)",Polyurethane Coating,10.1626,0.95856,0.04144,krylon1.prn
"Sample 1 - Black ""KRYLON"" Painted Sandpaper (Uniform Coverage - Done byManufacturer)",Polyurethane Coating,10.1229,0.95876,0.04124,krylon1.prn
"Sample 1 - Black ""KRYLON"" Painted Sandpaper (Uniform Coverage - Done byManufacturer)",Polyurethane Coating,10.0835,0.95915,0.04085,krylon1.prn
"Sample 1 - Black ""KRYLON"" Painted Sandpaper (Uniform Coverage - Done byManufacturer)",Polyurethane Coating,10.0444,0.95929,0.04071,krylon1.prn
"Sample 1 - Black ""KRYLON"" Painted Sandpaper (Uniform Coverage - Done byManufacturer)",Polyurethane Coating,10.0057,0.9591,0.0409,krylon1.prn
"Sample 1 - Black ""KRYLON"" Painted Sandpaper (Uniform Coverage - Done byManufacturer)",Polyurethane Coating,9.9672,0.95804,0.04196,krylon1.prn
"Sample 1 - Black ""KRYLON"" Painted Sandpaper (Uniform Coverage - Done byManufacturer)",Polyurethane Coating,9.929,0.95719,0.04281,krylon1.prn
"Sample 1 - Black ""KRYLON"" Painted Sandpaper (Uniform Coverage - Done byManufacturer)",Polyurethane Coating,9.8911,0.95684,0.04316,krylon1.prn
"Sample 1 - Black ""KRYLON"" Painted Sandpaper (Uniform Coverage - Done byManufacturer)",Polyurethane Coating,9.8535,0.95788,0.04212,krylon1.prn
"Sample 1 - Black ""KRYLON"" Painted Sandpaper (Uniform Coverage - Done byManufacturer)",Polyurethane Coating,9.8162,0.95852,0.04148,krylon1.prn
"Sample 1 - Black ""KRYLON"" Painted Sandpaper (Uniform Coverage - Done byManufacturer)",Polyurethane Coating,9.7791,0.95861,0.04139,krylon1.prn
"Sample 1 - Black ""KRYLON"" Painted Sandpaper (Uniform Coverage - Done byManufacturer)",Polyurethane Coating,9.7424,0.95895,0.04105,krylon1.prn
"Sample 1 - Black ""KRYLON"" Painted Sandpaper (Uniform Coverage - Done byManufacturer)",Polyurethane Coating,9.7059,0.959,0.041,krylon1.prn
"Sample 1 - Black ""KRYLON"" Painted Sandpaper (Uniform Coverage - Done byManufacturer)",Polyurethane Coating,9.6697,0.95984,0.04016,krylon1.prn
"Sample 1 - Black ""KRYLON"" Painted Sandpaper (Uniform Coverage - Done byManufacturer)",Polyurethane Coating,9.6337,0.96019,0.03981,krylon1.prn
"Sample 1 - Black ""KRYLON"" Painted Sandpaper (Uniform Coverage - Done byManufacturer)",Polyurethane Coating,9.598,0.96068,0.03932,krylon1.prn
"Sample 1 - Black ""KRYLON"" Painted Sandpaper (Uniform Coverage - Done byManufacturer)",Polyurethane Coating,9.5626,0.96107,0.03893,krylon1.prn
"Sample 1 - Black ""KRYLON"" Painted Sandpaper (Uniform Coverage - Done byManufacturer)",Polyurethane Coating,9.5274,0.96148,0.03852,krylon1.prn
"Sample 1 - Black ""KRYLON"" Painted Sandpaper (Uniform Coverage - Done byManufacturer)",Polyurethane Coating,9.4925,0.9621,0.0379,krylon1.prn
"Sample 1 - Black ""KRYLON"" Painted Sandpaper (Uniform Coverage - Done byManufacturer)",Polyurethane Coating,9.4579,0.96226,0.03774,krylon1.prn
"Sample 1 - Black ""KRYLON"" Painted Sandpaper (Uniform Coverage - Done byManufacturer)",Polyurethane Coating,9.4235,0.96269,0.03731,krylon1.prn
"Sample 1 - Black ""KRYLON"" Painted Sandpaper (Uniform Coverage - Done byManufacturer)",Polyurethane Coating,9.3894,0.96193,0.03807,krylon1.prn
"Sample 1 - Black ""KRYLON"" Painted Sandpaper (Uniform Coverage - Done byManufacturer)",Polyurethane Coating,9.3555,0.96153,0.03847,krylon1.prn
"Sample 1 - Black ""KRYLON"" Painted Sandpaper (Uniform Coverage - Done byManufacturer)",Polyurethane Coating,9.3218,0.96054,0.03946,krylon1.prn
"Sample 1 - Black ""KRYLON"" Painted Sandpaper (Uniform Coverage - Done byManufacturer)",Polyurethane Coating,9.2884,0.96013,0.03987,krylon1.prn
"Sample 1 - Black ""KRYLON"" Painted Sandpaper (Uniform Coverage - Done byManufacturer)",Polyurethane Coating,9.2552,0.95935,0.04065,krylon1.prn
"Sample 1 - Black ""KRYLON"" Painted Sandpaper (Uniform Coverage - Done byManufacturer)",Polyurethane Coating,9.2223,0.9582,0.0418,krylon1.prn
"Sample 1 - Black ""KRYLON"" Painted Sandpaper (Uniform Coverage - Done byManufacturer)",Polyurethane Coating,9.1896,0.95832,0.04168,krylon1.prn
"Sample 1 - Black ""KRYLON"" Painted Sandpaper (Uniform Coverage - Done byManufacturer)",Polyurethane Coating,9.1571,0.958,0.042,krylon1.prn
"Sample 1 - Black ""KRYLON"" Painted Sandpaper (Uniform Coverage - Done byManufacturer)",Polyurethane Coating,9.1249,0.95776,0.04224,krylon1.prn
"Sample 1 - Black ""KRYLON"" Painted Sandpaper (Uniform Coverage - Done byManufacturer)",Polyurethane Coating,9.0929,0.95698,0.04302,krylon1.prn
"Sample 1 - Black ""KRYLON"" Painted Sandpaper (Uniform Coverage - Done byManufacturer)",Polyurethane Coating,9.0611,0.95696,0.04304,krylon1.prn
"Sample 1 - Black ""KRYLON"" Painted Sandpaper (Uniform Coverage - Done byManufacturer)",Polyurethane Coating,9.0295,0.95759,0.04241,krylon1.prn
"Sample 1 - Black ""KRYLON"" Painted Sandpaper (Uniform Coverage - Done byManufacturer)",Polyurethane Coating,8.9982,0.95808,0.04192,krylon1.prn
"Sample 1 - Black ""KRYLON"" Painted Sandpaper (Uniform Coverage - Done byManufacturer)",Polyurethane Coating,8.967,0.9584,0.0416,krylon1.prn
"Sample 1 - Black ""KRYLON"" Painted Sandpaper (Uniform Coverage - Done byManufacturer)",Polyurethane Coating,8.9361,0.95787,0.04213,krylon1.prn
"Sample 1 - Black ""KRYLON"" Painted Sandpaper (Uniform Coverage - Done byManufacturer)",Polyurethane Coating,8.9054,0.95796,0.04204,krylon1.prn
"Sample 1 - Black ""KRYLON"" Painted Sandpaper (Uniform Coverage - Done byManufacturer)",Polyurethane Coating,8.8749,0.95683,0.04317,krylon1.prn
"Sample 1 - Black ""KRYLON"" Painted Sandpaper (Uniform Coverage - Done byManufacturer)",Polyurethane Coating,8.8446,0.95644,0.04356,krylon1.prn
"Sample 1 - Black ""KRYLON"" Painted Sandpaper (Uniform Coverage - Done byManufacturer)",Polyurethane Coating,8.8145,0.95573,0.04427,krylon1.prn
"Sample 1 - Black ""KRYLON"" Painted Sandpaper (Uniform Coverage - Done byManufacturer)",Polyurethane Coating,8.7846,0.95585,0.04415,krylon1.prn
"Sample 1 - Black ""KRYLON"" Painted Sandpaper (Uniform Coverage - Done byManufacturer)",Polyurethane Coating,8.755,0.95584,0.04416,krylon1.prn
"Sample 1 - Black ""KRYLON"" Painted Sandpaper (Uniform Coverage - Done byManufacturer)",Polyurethane Coating,8.7255,0.95606,0.04394,krylon1.prn
"Sample 1 - Black ""KRYLON"" Painted Sandpaper (Uniform Coverage - Done byManufacturer)",Polyurethane Coating,8.6962,0.95635,0.04365,krylon1.prn
"Sample 1 - Black ""KRYLON"" Painted Sandpaper (Uniform Coverage - Done byManufacturer)",Polyurethane Coating,8.6671,0.95685,0.04315,krylon1.prn
"Sample 1 - Black ""KRYLON"" Painted Sandpaper (Uniform Coverage - Done byManufacturer)",Polyurethane Coating,8.6382,0.95808,0.04192,krylon1.prn
"Sample 1 - Black ""KRYLON"" Painted Sandpaper (Uniform Coverage - Done byManufacturer)",Polyurethane Coating,8.6095,0.95985,0.04015,krylon1.prn
"Sample 1 - Black ""KRYLON"" Painted Sandpaper (Uniform Coverage - Done byManufacturer)",Polyurethane Coating,8.581,0.96111,0.03889,krylon1.prn
"Sample 1 - Black ""KRYLON"" Painted Sandpaper (Uniform Coverage - Done byManufacturer)",Polyurethane Coating,8.5527,0.96172,0.03828,krylon1.prn
"Sample 1 - Black ""KRYLON"" Painted Sandpaper (Uniform Coverage - Done byManufacturer)",Polyurethane Coating,8.5246,0.9619,0.0381,krylon1.prn
"Sample 1 - Black ""KRYLON"" Painted Sandpaper (Uniform Coverage - Done byManufacturer)",Polyurethane Coating,8.4966,0.96346,0.03654,krylon1.prn
"Sample 1 - Black ""KRYLON"" Painted Sandpaper (Uniform Coverage - Done byManufacturer)",Polyurethane Coating,8.4688,0.96566,0.03434,krylon1.prn
"Sample 1 - Black ""KRYLON"" Painted Sandpaper (Uniform Coverage - Done byManufacturer)",Polyurethane Coating,8.4413,0.96741,0.03259,krylon1.prn
"Sample 1 - Black ""KRYLON"" Painted Sandpaper (Uniform Coverage - Done byManufacturer)",Polyurethane Coating,8.4139,0.96829,0.03171,krylon1.prn
"Sample 1 - Black ""KRYLON"" Painted Sandpaper (Uniform Coverage - Done byManufacturer)",Polyurethane Coating,8.3866,0.96855,0.03145,krylon1.prn
"Sample 1 - Black ""KRYLON"" Painted Sandpaper (Uniform Coverage - Done byManufacturer)",Polyurethane Coating,8.3596,0.96957,0.03043,krylon1.prn
"Sample 1 - Black ""KRYLON"" Painted Sandpaper (Uniform Coverage - Done byManufacturer)",Polyurethane Coating,8.3327,0.97026,0.02974,krylon1.prn
"Sample 1 - Black ""KRYLON"" Painted Sandpaper (Uniform Coverage - Done byManufacturer)",Polyurethane Coating,8.306,0.97037,0.02963,krylon1.prn
"Sample 1 - Black ""KRYLON"" Painted Sandpaper (Uniform Coverage - Done byManufacturer)",Polyurethane Coating,8.2795,0.96968,0.03032,krylon1.prn
"Sample 1 - Black ""KRYLON"" Painted Sandpaper (Uniform Coverage - Done byManufacturer)",Polyurethane Coating,8.2531,0.96901,0.03099,krylon1.prn
"Sample 1 - Black ""KRYLON"" Painted Sandpaper (Uniform Coverage - Done byManufacturer)",Polyurethane Coating,8.2269,0.96832,0.03168,krylon1.prn
"Sample 1 - Black ""KRYLON"" Painted Sandpaper (Uniform Coverage - Done byManufacturer)",Polyurethane Coating,8.2008,0.968,0.032,krylon1.prn
"Sample 1 - Black ""KRYLON"" Painted Sandpaper (Uniform Coverage - Done byManufacturer)",Polyurethane Coating,8.175,0.96776,0.03224,krylon1.prn
"Sample 1 - Black ""KRYLON"" Painted Sandpaper (Uniform Coverage - Done byManufacturer)",Polyurethane Coating,8.1493,0.96808,0.03192,krylon1.prn
"Sample 1 - Black ""KRYLON"" Painted Sandpaper (Uniform Coverage - Done byManufacturer)",Polyurethane Coating,8.1237,0.96819,0.03181,krylon1.prn
"Sample 1 - Black ""KRYLON"" Painted Sandpaper (Uniform Coverage - Done byManufacturer)",Polyurethane Coating,8.0983,0.96819,0.03181,krylon1.prn
"Sample 1 - Black ""KRYLON"" Painted Sandpaper (Uniform Coverage - Done byManufacturer)",Polyurethane Coating,8.0731,0.96806,0.03194,krylon1.prn
"Sample 1 - Black ""KRYLON"" Painted Sandpaper (Uniform Coverage - Done byManufacturer)",Polyurethane Coating,8.048,0.96852,0.03148,krylon1.prn
"Sample 1 - Black ""KRYLON"" Painted Sandpaper (Uniform Coverage - Done byManufacturer)",Polyurethane Coating,8.0231,0.96885,0.03115,krylon1.prn
"Sample 2 - Black ""KRYLON"" Painted Sandpaper (Uniform Coverage - Done by Manufacturer)",Polyurethane Coating,13.9326,0.95245,0.04755,krylon2.prn
"Sample 2 - Black ""KRYLON"" Painted Sandpaper (Uniform Coverage - Done by Manufacturer)",Polyurethane Coating,13.8581,0.95189,0.04811,krylon2.prn
"Sample 2 - Black ""KRYLON"" Painted Sandpaper (Uniform Coverage - Done by Manufacturer)",Polyurethane Coating,13.7844,0.95184,0.04816,krylon2.prn
"Sample 2 - Black ""KRYLON"" Painted Sandpaper (Uniform Coverage - Done by Manufacturer)",Polyurethane Coating,13.7115,0.95164,0.04836,krylon2.prn
"Sample 2 - Black ""KRYLON"" Painted Sandpaper (Uniform Coverage - Done by Manufacturer)",Polyurethane Coating,13.6393,0.95134,0.04866,krylon2.prn
"Sample 2 - Black ""KRYLON"" Painted Sandpaper (Uniform Coverage - Done by Manufacturer)",Polyurethane Coating,13.5679,0.95126,0.04874,krylon2.prn
"Sample 2 - Black ""KRYLON"" Painted Sandpaper (Uniform Coverage - Done by Manufacturer)",Polyurethane Coating,13.4972,0.95142,0.04858,krylon2.prn
"Sample 2 - Black ""KRYLON"" Painted Sandpaper (Uniform Coverage - Done by Manufacturer)",Polyurethane Coating,13.4273,0.95208,0.04792,krylon2.prn
"Sample 2 - Black ""KRYLON"" Painted Sandpaper (Uniform Coverage - Done by Manufacturer)",Polyurethane Coating,13.3581,0.95134,0.04866,krylon2.prn
"Sample 2 - Black ""KRYLON"" Painted Sandpaper (Uniform Coverage - Done by Manufacturer)",Polyurethane Coating,13.2896,0.95108,0.04892,krylon2.prn
"Sample 2 - Black ""KRYLON"" Painted Sandpaper (Uniform Coverage - Done by Manufacturer)",Polyurethane Coating,13.2218,0.95108,0.04892,krylon2.prn
"Sample 2 - Black ""KRYLON"" Painted Sandpaper (Uniform Coverage - Done by Manufacturer)",Polyurethane Coating,13.1546,0.95176,0.04824,krylon2.prn
"Sample 2 - Black ""KRYLON"" Painted Sandpaper (Uniform Coverage - Done by Manufacturer)",Polyurethane Coating,13.0882,0.95174,0.04826,krylon2.prn
"Sample 2 - Black ""KRYLON"" Painted Sandpaper (Uniform Coverage - Done by Manufacturer)",Polyurethane Coating,13.0224,0.95171,0.04829,krylon2.prn
"Sample 2 - Black ""KRYLON"" Painted Sandpaper (Uniform Coverage - Done by Manufacturer)",Polyurethane Coating,12.9573,0.95214,0.04786,krylon2.prn
"Sample 2 - Black ""KRYLON"" Painted Sandpaper (Uniform Coverage - Done by Manufacturer)",Polyurethane Coating,12.8929,0.95188,0.04812,krylon2.prn
"Sample 2 - Black ""KRYLON"" Painted Sandpaper (Uniform Coverage - Done by Manufacturer)",Polyurethane Coating,12.829,0.95176,0.04824,krylon2.prn
"Sample 2 - Black ""KRYLON"" Painted Sandpaper (Uniform Coverage - Done by Manufacturer)",Polyurethane Coating,12.7658,0.95207,0.04793,krylon2.prn
"Sample 2 - Black ""KRYLON"" Painted Sandpaper (Uniform Coverage - Done by Manufacturer)",Polyurethane Coating,12.7033,0.95238,0.04762,krylon2.prn
"Sample 2 - Black ""KRYLON"" Painted Sandpaper (Uniform Coverage - Done by Manufacturer)",Polyurethane Coating,12.6413,0.95234,0.04766,krylon2.prn
"Sample 2 - Black ""KRYLON"" Painted Sandpaper (Uniform Coverage - Done by Manufacturer)",Polyurethane Coating,12.5799,0.95186,0.04814,krylon2.prn
"Sample 2 - Black ""KRYLON"" Painted Sandpaper (Uniform Coverage - Done by Manufacturer)",Polyurethane Coating,12.5192,0.95215,0.04785,krylon2.prn
"Sample 2 - Black ""KRYLON"" Painted Sandpaper (Uniform Coverage - Done by Manufacturer)",Polyurethane Coating,12.459,0.95234,0.04766,krylon2.prn
"Sample 2 - Black ""KRYLON"" Painted Sandpaper (Uniform Coverage - Done by Manufacturer)",Polyurethane Coating,12.3994,0.95284,0.04716,krylon2.prn
"Sample 2 - Black ""KRYLON"" Painted Sandpaper (Uniform Coverage - Done by Manufacturer)",Polyurethane Coating,12.3403,0.95309,0.04691,krylon2.prn
"Sample 2 - Black ""KRYLON"" Painted Sandpaper (Uniform Coverage - Done by Manufacturer)",Polyurethane Coating,12.2818,0.95289,0.04711,krylon2.prn
"Sample 2 - Black ""KRYLON"" Painted Sandpaper (Uniform Coverage - Done by Manufacturer)",Polyurethane Coating,12.2239,0.95245,0.04755,krylon2.prn
"Sample 2 - Black ""KRYLON"" Painted Sandpaper (Uniform Coverage - Done by Manufacturer)",Polyurethane Coating,12.1665,0.95184,0.04816,krylon2.prn
"Sample 2 - Black ""KRYLON"" Painted Sandpaper (Uniform Coverage - Done by Manufacturer)",Polyurethane Coating,12.1097,0.95166,0.04834,krylon2.prn
"Sample 2 - Black ""KRYLON"" Painted Sandpaper (Uniform Coverage - Done by Manufacturer)",Polyurethane Coating,12.0533,0.9511,0.0489,krylon2.prn
"Sample 2 - Black ""KRYLON"" Painted Sandpaper (Uniform Coverage - Done by Manufacturer)",Polyurethane Coating,11.9975,0.95121,0.04879,krylon2.prn
"Sample 2 - Black ""KRYLON"" Painted Sandpaper (Uniform Coverage - Done by Manufacturer)",Polyurethane Coating,11.9422,0.95132,0.04868,krylon2.prn
"Sample 2 - Black ""KRYLON"" Painted Sandpaper (Uniform Coverage - Done by Manufacturer)",Polyurethane Coating,11.8875,0.95171,0.04829,krylon2.prn
"Sample 2 - Black ""KRYLON"" Painted Sandpaper (Uniform Coverage - Done by Manufacturer)",Polyurethane Coating,11.8332,0.95186,0.04814,krylon2.prn
"Sample 2 - Black ""KRYLON"" Painted Sandpaper (Uniform Coverage - Done by Manufacturer)",Polyurethane Coating,11.7794,0.95262,0.04738,krylon2.prn
"Sample 2 - Black ""KRYLON"" Painted Sandpaper (Uniform Coverage - Done by Manufacturer)",Polyurethane Coating,11.7261,0.95302,0.04698,krylon2.prn
"Sample 2 - Black ""KRYLON"" Painted Sandpaper (Uniform Coverage - Done by Manufacturer)",Polyurethane Coating,11.6733,0.95345,0.04655,krylon2.prn
"Sample 2 - Black ""KRYLON"" Painted Sandpaper (Uniform Coverage - Done by Manufacturer)",Polyurethane Coating,11.6209,0.95322,0.04678,krylon2.prn
"Sample 2 - Black ""KRYLON"" Painted Sandpaper (Uniform Coverage - Done by Manufacturer)",Polyurethane Coating,11.569,0.95344,0.04656,krylon2.prn
"Sample 2 - Black ""KRYLON"" Painted Sandpaper (Uniform Coverage - Done by Manufacturer)",Polyurethane Coating,11.5176,0.95295,0.04705,krylon2.prn
"Sample 2 - Black ""KRYLON"" Painted Sandpaper (Uniform Coverage - Done by Manufacturer)",Polyurethane Coating,11.4667,0.95302,0.04698,krylon2.prn
"Sample 2 - Black ""KRYLON"" Painted Sandpaper (Uniform Coverage - Done by Manufacturer)",Polyurethane Coating,11.4161,0.95277,0.04723,krylon2.prn
"Sample 2 - Black ""KRYLON"" Painted Sandpaper (Uniform Coverage - Done by Manufacturer)",Polyurethane Coating,11.3661,0.95276,0.04724,krylon2.prn
"Sample 2 - Black ""KRYLON"" Painted Sandpaper (Uniform Coverage - Done by Manufacturer)",Polyurethane Coating,11.3164,0.95241,0.04759,krylon2.prn
"Sample 2 - Black ""KRYLON"" Painted Sandpaper (Uniform Coverage - Done by Manufacturer)",Polyurethane Coating,11.2672,0.95229,0.04771,krylon2.prn
"Sample 2 - Black ""KRYLON"" Painted Sandpaper (Uniform Coverage - Done by Manufacturer)",Polyurethane Coating,11.2185,0.95219,0.04781,krylon2.prn
"Sample 2 - Black ""KRYLON"" Painted Sandpaper (Uniform Coverage - Done by Manufacturer)",Polyurethane Coating,11.1701,0.9519,0.0481,krylon2.prn
"Sample 2 - Black ""KRYLON"" Painted Sandpaper (Uniform Coverage - Done by Manufacturer)",Polyurethane Coating,11.1222,0.95189,0.04811,krylon2.prn
"Sample 2 - Black ""KRYLON"" Painted Sandpaper (Uniform Coverage - Done by Manufacturer)",Polyurethane Coating,11.0746,0.95191,0.04809,krylon2.prn
"Sample 2 - Black ""KRYLON"" Painted Sandpaper (Uniform Coverage - Done by Manufacturer)",Polyurethane Coating,11.0275,0.95199,0.04801,krylon2.prn
"Sample 2 - Black ""KRYLON"" Painted Sandpaper (Uniform Coverage - Done by Manufacturer)",Polyurethane Coating,10.9808,0.9516,0.0484,krylon2.prn
"Sample 2 - Black ""KRYLON"" Painted Sandpaper (Uniform Coverage - Done by Manufacturer)",Polyurethane Coating,10.9345,0.95167,0.04833,krylon2.prn
"Sample 2 - Black ""KRYLON"" Painted Sandpaper (Uniform Coverage - Done by Manufacturer)",Polyurethane Coating,10.8885,0.95162,0.04838,krylon2.prn
"Sample 2 - Black ""KRYLON"" Painted Sandpaper (Uniform Coverage - Done by Manufacturer)",Polyurethane Coating,10.8429,0.95161,0.04839,krylon2.prn
"Sample 2 - Black ""KRYLON"" Painted Sandpaper (Uniform Coverage - Done by Manufacturer)",Polyurethane Coating,10.7978,0.95125,0.04875,krylon2.prn
"Sample 2 - Black ""KRYLON"" Painted Sandpaper (Uniform Coverage - Done by Manufacturer)",Polyurethane Coating,10.753,0.95124,0.04876,krylon2.prn
"Sample 2 - Black ""KRYLON"" Painted Sandpaper (Uniform Coverage - Done by Manufacturer)",Polyurethane Coating,10.7085,0.95115,0.04885,krylon2.prn
"Sample 2 - Black ""KRYLON"" Painted Sandpaper (Uniform Coverage - Done by Manufacturer)",Polyurethane Coating,10.6645,0.95108,0.04892,krylon2.prn
"Sample 2 - Black ""KRYLON"" Painted Sandpaper (Uniform Coverage - Done by Manufacturer)",Polyurethane Coating,10.6208,0.951,0.049,krylon2.prn
"Sample 2 - Black ""KRYLON"" Painted Sandpaper (Uniform Coverage - Done by Manufacturer)",Polyurethane Coating,10.5774,0.95126,0.04874,krylon2.prn
"Sample 2 - Black ""KRYLON"" Painted Sandpaper (Uniform Coverage - Done by Manufacturer)",Polyurethane Coating,10.5344,0.95132,0.04868,krylon2.prn
"Sample 2 - Black ""KRYLON"" Painted Sandpaper (Uniform Coverage - Done by Manufacturer)",Polyurethane Coating,10.4918,0.95141,0.04859,krylon2.prn
"Sample 2 - Black ""KRYLON"" Painted Sandpaper (Uniform Coverage - Done by Manufacturer)",Polyurethane Coating,10.4495,0.95144,0.04856,krylon2.prn
"Sample 2 - Black ""KRYLON"" Painted Sandpaper (Uniform Coverage - Done by Manufacturer)",Polyurethane Coating,10.4075,0.9514,0.0486,krylon2.prn
"Sample 2 - Black ""KRYLON"" Painted Sandpaper (Uniform Coverage - Done by Manufacturer)",Polyurethane Coating,10.3659,0.95125,0.04875,krylon2.prn
"Sample 2 - Black ""KRYLON"" Painted Sandpaper (Uniform Coverage - Done by Manufacturer)",Polyurethane Coating,10.3246,0.95118,0.04882,krylon2.prn
"Sample 2 - Black ""KRYLON"" Painted Sandpaper (Uniform Coverage - Done by Manufacturer)",Polyurethane Coating,10.2836,0.95113,0.04887,krylon2.prn
"Sample 2 - Black ""KRYLON"" Painted Sandpaper (Uniform Coverage - Done by Manufacturer)",Polyurethane Coating,10.2429,0.95049,0.04951,krylon2.prn
"Sample 2 - Black ""KRYLON"" Painted Sandpaper (Uniform Coverage - Done by Manufacturer)",Polyurethane Coating,10.2026,0.95002,0.04998,krylon2.prn
"Sample 2 - Black ""KRYLON"" Painted Sandpaper (Uniform Coverage - Done by Manufacturer)",Polyurethane Coating,10.1626,0.94986,0.05014,krylon2.prn
"Sample 2 - Black ""KRYLON"" Painted Sandpaper (Uniform Coverage - Done by Manufacturer)",Polyurethane Coating,10.1229,0.95013,0.04987,krylon2.prn
"Sample 2 - Black ""KRYLON"" Painted Sandpaper (Uniform Coverage - Done by Manufacturer)",Polyurethane Coating,10.0835,0.95011,0.04989,krylon2.prn
"Sample 2 - Black ""KRYLON"" Painted Sandpaper (Uniform Coverage - Done by Manufacturer)",Polyurethane Coating,10.0444,0.94983,0.05017,krylon2.prn
"Sample 2 - Black ""KRYLON"" Painted Sandpaper (Uniform Coverage - Done by Manufacturer)",Polyurethane Coating,10.0057,0.94935,0.05065,krylon2.prn
"Sample 2 - Black ""KRYLON"" Painted Sandpaper (Uniform Coverage - Done by Manufacturer)",Polyurethane Coating,9.9672,0.9494,0.0506,krylon2.prn
"Sample 2 - Black ""KRYLON"" Painted Sandpaper (Uniform Coverage - Done by Manufacturer)",Polyurethane Coating,9.929,0.94929,0.05071,krylon2.prn
"Sample 2 - Black ""KRYLON"" Painted Sandpaper (Uniform Coverage - Done by Manufacturer)",Polyurethane Coating,9.8911,0.94916,0.05084,krylon2.prn
"Sample 2 - Black ""KRYLON"" Painted Sandpaper (Uniform Coverage - Done by Manufacturer)",Polyurethane Coating,9.8535,0.94904,0.05096,krylon2.prn
"Sample 2 - Black ""KRYLON"" Painted Sandpaper (Uniform Coverage - Done by Manufacturer)",Polyurethane Coating,9.8162,0.94922,0.05078,krylon2.prn
"Sample 2 - Black ""KRYLON"" Painted Sandpaper (Uniform Coverage - Done by Manufacturer)",Polyurethane Coating,9.7791,0.94956,0.05044,krylon2.prn
"Sample 2 - Black ""KRYLON"" Painted Sandpaper (Uniform Coverage - Done by Manufacturer)",Polyurethane Coating,9.7424,0.9498,0.0502,krylon2.prn
"Sample 2 - Black ""KRYLON"" Painted Sandpaper (Uniform Coverage - Done by Manufacturer)",Polyurethane Coating,9.7059,0.94951,0.05049,krylon2.prn
"Sample 2 - Black ""KRYLON"" Painted Sandpaper (Uniform Coverage - Done by Manufacturer)",Polyurethane Coating,9.6697,0.94963,0.05037,krylon2.prn
"Sample 2 - Black ""KRYLON"" Painted Sandpaper (Uniform Coverage - Done by Manufacturer)",Polyurethane Coating,9.6337,0.94958,0.05042,krylon2.prn
"Sample 2 - Black ""KRYLON"" Painted Sandpaper (Uniform Coverage - Done by Manufacturer)",Polyurethane Coating,9.598,0.95005,0.04995,krylon2.prn
"Sample 2 - Black ""KRYLON"" Painted Sandpaper (Uniform Coverage - Done by Manufacturer)",Polyurethane Coating,9.5626,0.94994,0.05006,krylon2.prn
"Sample 2 - Black ""KRYLON"" Painted Sandpaper (Uniform Coverage - Done by Manufacturer)",Polyurethane Coating,9.5274,0.94951,0.05049,krylon2.prn
"Sample 2 - Black ""KRYLON"" Painted Sandpaper (Uniform Coverage - Done by Manufacturer)",Polyurethane Coating,9.4925,0.94935,0.05065,krylon2.prn
"Sample 2 - Black ""KRYLON"" Painted Sandpaper (Uniform Coverage - Done by Manufacturer)",Polyurethane Coating,9.4579,0.94954,0.05046,krylon2.prn
"Sample 2 - Black ""KRYLON"" Painted Sandpaper (Uniform Coverage - Done by Manufacturer)",Polyurethane Coating,9.4235,0.94955,0.05045,krylon2.prn
"Sample 2 - Black ""KRYLON"" Painted Sandpaper (Uniform Coverage - Done by Manufacturer)",Polyurethane Coating,9.3894,0.94905,0.05095,krylon2.prn
"Sample 2 - Black ""KRYLON"" Painted Sandpaper (Uniform Coverage - Done by Manufacturer)",Polyurethane Coating,9.3555,0.94854,0.05146,krylon2.prn
"Sample 2 - Black ""KRYLON"" Painted Sandpaper (Uniform Coverage - Done by Manufacturer)",Polyurethane Coating,9.3218,0.94829,0.05171,krylon2.prn
"Sample 2 - Black ""KRYLON"" Painted Sandpaper (Uniform Coverage - Done by Manufacturer)",Polyurethane Coating,9.2884,0.94864,0.05136,krylon2.prn
"Sample 2 - Black ""KRYLON"" Painted Sandpaper (Uniform Coverage - Done by Manufacturer)",Polyurethane Coating,9.2552,0.9486,0.0514,krylon2.prn
"Sample 2 - Black ""KRYLON"" Painted Sandpaper (Uniform Coverage - Done by Manufacturer)",Polyurethane Coating,9.2223,0.94882,0.05118,krylon2.prn
"Sample 2 - Black ""KRYLON"" Painted Sandpaper (Uniform Coverage - Done by Manufacturer)",Polyurethane Coating,9.1896,0.94845,0.05155,krylon2.prn
"Sample 2 - Black ""KRYLON"" Painted Sandpaper (Uniform Coverage - Done by Manufacturer)",Polyurethane Coating,9.1571,0.94892,0.05108,krylon2.prn
"Sample 2 - Black ""KRYLON"" Painted Sandpaper (Uniform Coverage - Done by Manufacturer)",Polyurethane Coating,9.1249,0.94934,0.05066,krylon2.prn
"Sample 2 - Black ""KRYLON"" Painted Sandpaper (Uniform Coverage - Done by Manufacturer)",Polyurethane Coating,9.0929,0.95004,0.04996,krylon2.prn
"Sample 2 - Black ""KRYLON"" Painted Sandpaper (Uniform Coverage - Done by Manufacturer)",Polyurethane Coating,9.0611,0.95039,0.04961,krylon2.prn
"Sample 2 - Black ""KRYLON"" Painted Sandpaper (Uniform Coverage - Done by Manufacturer)",Polyurethane Coating,9.0295,0.95043,0.04957,krylon2.prn
"Sample 2 - Black ""KRYLON"" Painted Sandpaper (Uniform Coverage - Done by Manufacturer)",Polyurethane Coating,8.9982,0.9502,0.0498,krylon2.prn
"Sample 2 - Black ""KRYLON"" Painted Sandpaper (Uniform Coverage - Done by Manufacturer)",Polyurethane Coating,8.967,0.94995,0.05005,krylon2.prn
"Sample 2 - Black ""KRYLON"" Painted Sandpaper (Uniform Coverage - Done by Manufacturer)",Polyurethane Coating,8.9361,0.9491,0.0509,krylon2.prn
"Sample 2 - Black ""KRYLON"" Painted Sandpaper (Uniform Coverage - Done by Manufacturer)",Polyurethane Coating,8.9054,0.94828,0.05172,krylon2.prn
"Sample 2 - Black ""KRYLON"" Painted Sandpaper (Uniform Coverage - Done by Manufacturer)",Polyurethane Coating,8.8749,0.94744,0.05256,krylon2.prn
"Sample 2 - Black ""KRYLON"" Painted Sandpaper (Uniform Coverage - Done by Manufacturer)",Polyurethane Coating,8.8446,0.94766,0.05234,krylon2.prn
"Sample 2 - Black ""KRYLON"" Painted Sandpaper (Uniform Coverage - Done by Manufacturer)",Polyurethane Coating,8.8145,0.948,0.052,krylon2.prn
"Sample 2 - Black ""KRYLON"" Painted Sandpaper (Uniform Coverage - Done by Manufacturer)",Polyurethane Coating,8.7846,0.94853,0.05147,krylon2.prn
"Sample 2 - Black ""KRYLON"" Painted Sandpaper (Uniform Coverage - Done by Manufacturer)",Polyurethane Coating,8.755,0.94871,0.05129,krylon2.prn
"Sample 2 - Black ""KRYLON"" Painted Sandpaper (Uniform Coverage - Done by Manufacturer)",Polyurethane Coating,8.7255,0.94909,0.05091,krylon2.prn
"Sample 2 - Black ""KRYLON"" Painted Sandpaper (Uniform Coverage - Done by Manufacturer)",Polyurethane Coating,8.6962,0.9495,0.0505,krylon2.prn
"Sample 2 - Black ""KRYLON"" Painted Sandpaper (Uniform Coverage - Done by Manufacturer)",Polyurethane Coating,8.6671,0.9505,0.0495,krylon2.prn
"Sample 2 - Black ""KRYLON"" Painted Sandpaper (Uniform Coverage - Done by Manufacturer)",Polyurethane Coating,8.6382,0.95228,0.04772,krylon2.prn
"Sample 2 - Black ""KRYLON"" Painted Sandpaper (Uniform Coverage - Done by Manufacturer)",Polyurethane Coating,8.6095,0.95354,0.04646,krylon2.prn
"Sample 2 - Black ""KRYLON"" Painted Sandpaper (Uniform Coverage - Done by Manufacturer)",Polyurethane Coating,8.581,0.95525,0.04475,krylon2.prn
"Sample 2 - Black ""KRYLON"" Painted Sandpaper (Uniform Coverage - Done by Manufacturer)",Polyurethane Coating,8.5527,0.95625,0.04375,krylon2.prn
"Sample 2 - Black ""KRYLON"" Painted Sandpaper (Uniform Coverage - Done by Manufacturer)",Polyurethane Coating,8.5246,0.95781,0.04219,krylon2.prn
"Sample 2 - Black ""KRYLON"" Painted Sandpaper (Uniform Coverage - Done by Manufacturer)",Polyurethane Coating,8.4966,0.95946,0.04054,krylon2.prn
"Sample 2 - Black ""KRYLON"" Painted Sandpaper (Uniform Coverage - Done by Manufacturer)",Polyurethane Coating,8.4688,0.96101,0.03899,krylon2.prn
"Sample 2 - Black ""KRYLON"" Painted Sandpaper (Uniform Coverage - Done by Manufacturer)",Polyurethane Coating,8.4413,0.96257,0.03743,krylon2.prn
"Sample 2 - Black ""KRYLON"" Painted Sandpaper (Uniform Coverage - Done by Manufacturer)",Polyurethane Coating,8.4139,0.96331,0.03669,krylon2.prn
"Sample 2 - Black ""KRYLON"" Painted Sandpaper (Uniform Coverage - Done by Manufacturer)",Polyurethane Coating,8.3866,0.96469,0.03531,krylon2.prn
"Sample 2 - Black ""KRYLON"" Painted Sandpaper (Uniform Coverage - Done by Manufacturer)",Polyurethane Coating,8.3596,0.96552,0.03448,krylon2.prn
"Sample 2 - Black ""KRYLON"" Painted Sandpaper (Uniform Coverage - Done by Manufacturer)",Polyurethane Coating,8.3327,0.9659,0.0341,krylon2.prn
"Sample 2 - Black ""KRYLON"" Painted Sandpaper (Uniform Coverage - Done by Manufacturer)",Polyurethane Coating,8.306,0.96589,0.03411,krylon2.prn
"Sample 2 - Black ""KRYLON"" Painted Sandpaper (Uniform Coverage - Done by Manufacturer)",Polyurethane Coating,8.2795,0.96567,0.03433,krylon2.prn
"Sample 2 - Black ""KRYLON"" Painted Sandpaper (Uniform Coverage - Done by Manufacturer)",Polyurethane Coating,8.2531,0.96547,0.03453,krylon2.prn
"Sample 2 - Black ""KRYLON"" Painted Sandpaper (Uniform Coverage - Done by Manufacturer)",Polyurethane Coating,8.2269,0.96528,0.03472,krylon2.prn
"Sample 2 - Black ""KRYLON"" Painted Sandpaper (Uniform Coverage - Done by Manufacturer)",Polyurethane Coating,8.2008,0.96545,0.03455,krylon2.prn
"Sample 2 - Black ""KRYLON"" Painted Sandpaper (Uniform Coverage - Done by Manufacturer)",Polyurethane Coating,8.175,0.96559,0.03441,krylon2.prn
"Sample 2 - Black ""KRYLON"" Painted Sandpaper (Uniform Coverage - Done by Manufacturer)",Polyurethane Coating,8.1493,0.96571,0.03429,krylon2.prn
"Sample 2 - Black ""KRYLON"" Painted Sandpaper (Uniform Coverage - Done by Manufacturer)",Polyurethane Coating,8.1237,0.96568,0.03432,krylon2.prn
"Sample 2 - Black ""KRYLON"" Painted Sandpaper (Uniform Coverage - Done by Manufacturer)",Polyurethane Coating,8.0983,0.9662,0.0338,krylon2.prn
"Sample 2 - Black ""KRYLON"" Painted Sandpaper (Uniform Coverage - Done by Manufacturer)",Polyurethane Coating,8.0731,0.96652,0.03348,krylon2.prn
"Sample 2 - Black ""KRYLON"" Painted Sandpaper (Uniform Coverage - Done by Manufacturer)",Polyurethane Coating,8.048,0.96675,0.03325,krylon2.prn
"Sample 2 - Black ""KRYLON"" Painted Sandpaper (Uniform Coverage - Done by Manufacturer)",Polyurethane Coating,8.0231,0.96663,0.03337,krylon2.prn
Clay Brick (Common),Ceramic Coating,13.9326,0.98227,0.01773,clybrkcm.prn
Clay Brick (Common),Ceramic Coating,13.8581,0.97646,0.02354,clybrkcm.prn
Clay Brick (Common),Ceramic Coating,13.7844,0.97815,0.02185,clybrkcm.prn
Clay Brick (Common),Ceramic Coating,13.7115,0.97601,0.02399,clybrkcm.prn
Clay Brick (Common),Ceramic Coating,13.6393,0.97668,0.02332,clybrkcm.prn
Clay Brick (Common),Ceramic Coating,13.5679,0.97482,0.02518,clybrkcm.prn
Clay Brick (Common),Ceramic Coating,13.4972,0.97683,0.02317,clybrkcm.prn
Clay Brick (Common),Ceramic Coating,13.4273,0.97617,0.02383,clybrkcm.prn
Clay Brick (Common),Ceramic Coating,13.3581,0.97523,0.02477,clybrkcm.prn
Clay Brick (Common),Ceramic Coating,13.2896,0.97593,0.02407,clybrkcm.prn
Clay Brick (Common),Ceramic Coating,13.2218,0.97458,0.02542,clybrkcm.prn
Clay Brick (Common),Ceramic Coating,13.1546,0.97403,0.02597,clybrkcm.prn
Clay Brick (Common),Ceramic Coating,13.0882,0.97664,0.02336,clybrkcm.prn
Clay Brick (Common),Ceramic Coating,13.0224,0.97411,0.02589,clybrkcm.prn
Clay Brick (Common),Ceramic Coating,12.9573,0.97491,0.02509,clybrkcm.prn
Clay Brick (Common),Ceramic Coating,12.8929,0.97285,0.02715,clybrkcm.prn
Clay Brick (Common),Ceramic Coating,12.829,0.9759,0.0241,clybrkcm.prn
Clay Brick (Common),Ceramic Coating,12.7658,0.97506,0.02494,clybrkcm.prn
Clay Brick (Common),Ceramic Coating,12.7033,0.97616,0.02384,clybrkcm.prn
Clay Brick (Common),Ceramic Coating,12.6413,0.97797,0.02203,clybrkcm.prn
Clay Brick (Common),Ceramic Coating,12.5799,0.97852,0.02148,clybrkcm.prn
Clay Brick (Common),Ceramic Coating,12.5192,0.97816,0.02184,clybrkcm.prn
Clay Brick (Common),Ceramic Coating,12.459,0.98005,0.01995,clybrkcm.prn
Clay Brick (Common),Ceramic Coating,12.3994,0.98283,0.01717,clybrkcm.prn
Clay Brick (Common),Ceramic Coating,12.3403,0.98232,0.01768,clybrkcm.prn
Clay Brick (Common),Ceramic Coating,12.2818,0.98036,0.01964,clybrkcm.prn
Clay Brick (Common),Ceramic Coating,12.2239,0.97973,0.02027,clybrkcm.prn
Clay Brick (Common),Ceramic Coating,12.1665,0.98163,0.01837,clybrkcm.prn
Clay Brick (Common),Ceramic Coating,12.1097,0.97895,0.02105,clybrkcm.prn
Clay Brick (Common),Ceramic Coating,12.0533,0.97804,0.02196,clybrkcm.prn
Clay Brick (Common),Ceramic Coating,11.9975,0.97556,0.02444,clybrkcm.prn
Clay Brick (Common),Ceramic Coating,11.9422,0.97525,0.02475,clybrkcm.prn
Clay Brick (Common),Ceramic Coating,11.8875,0.97355,0.02645,clybrkcm.prn
Clay Brick (Common),Ceramic Coating,11.8332,0.97273,0.02727,clybrkcm.prn
Clay Brick (Common),Ceramic Coating,11.7794,0.97148,0.02852,clybrkcm.prn
Clay Brick (Common),Ceramic Coating,11.7261,0.96821,0.03179,clybrkcm.prn
Clay Brick (Common),Ceramic Coating,11.6733,0.96788,0.03212,clybrkcm.prn
Clay Brick (Common),Ceramic Coating,11.6209,0.96885,0.03115,clybrkcm.prn
Clay Brick (Common),Ceramic Coating,11.569,0.96446,0.03554,clybrkcm.prn
Clay Brick (Common),Ceramic Coating,11.5176,0.96344,0.03656,clybrkcm.prn
Clay Brick (Common),Ceramic Coating,11.4667,0.96427,0.03573,clybrkcm.prn
Clay Brick (Common),Ceramic Coating,11.4161,0.96265,0.03735,clybrkcm.prn
Clay Brick (Common),Ceramic Coating,11.3661,0.96135,0.03865,clybrkcm.prn
Clay Brick (Common),Ceramic Coating,11.3164,0.961,0.039,clybrkcm.prn
Clay Brick (Common),Ceramic Coating,11.2672,0.95957,0.04043,clybrkcm.prn
Clay Brick (Common),Ceramic Coating,11.2185,0.95889,0.04111,clybrkcm.prn
Clay Brick (Common),Ceramic Coating,11.1701,0.95585,0.04415,clybrkcm.prn
Clay Brick (Common),Ceramic Coating,11.1222,0.95543,0.04457,clybrkcm.prn
Clay Brick (Common),Ceramic Coating,11.0746,0.95352,0.04648,clybrkcm.prn
Clay Brick (Common),Ceramic Coating,11.0275,0.95264,0.04736,clybrkcm.prn
Clay Brick (Common),Ceramic Coating,10.9808,0.95083,0.04917,clybrkcm.prn
Clay Brick (Common),Ceramic Coating,10.9345,0.94883,0.05117,clybrkcm.prn
Clay Brick (Common),Ceramic Coating,10.8885,0.94722,0.05278,clybrkcm.prn
Clay Brick (Common),Ceramic Coating,10.8429,0.94574,0.05426,clybrkcm.prn
Clay Brick (Common),Ceramic Coating,10.7978,0.94595,0.05405,clybrkcm.prn
Clay Brick (Common),Ceramic Coating,10.753,0.94426,0.05574,clybrkcm.prn
Clay Brick (Common),Ceramic Coating,10.7085,0.94109,0.05891,clybrkcm.prn
Clay Brick (Common),Ceramic Coating,10.6645,0.94217,0.05783,clybrkcm.prn
Clay Brick (Common),Ceramic Coating,10.6208,0.93945,0.06055,clybrkcm.prn
Clay Brick (Common),Ceramic Coating,10.5774,0.93908,0.06092,clybrkcm.prn
Clay Brick (Common),Ceramic Coating,10.5344,0.94015,0.05985,clybrkcm.prn
Clay Brick (Common),Ceramic Coating,10.4918,0.93996,0.06004,clybrkcm.prn
Clay Brick (Common),Ceramic Coating,10.4495,0.939,0.061,clybrkcm.prn
Clay Brick (Common),Ceramic Coating,10.4075,0.93767,0.06233,clybrkcm.prn
Clay Brick (Common),Ceramic Coating,10.3659,0.93748,0.06252,clybrkcm.prn
Clay Brick (Common),Ceramic Coating,10.3246,0.93848,0.06152,clybrkcm.prn
Clay Brick (Common),Ceramic Coating,10.2836,0.93691,0.06309,clybrkcm.prn
Clay Brick (Common),Ceramic Coating,10.2429,0.93584,0.06416,clybrkcm.prn
Clay Brick (Common),Ceramic Coating,10.2026,0.93858,0.06142,clybrkcm.prn
Clay Brick (Common),Ceramic Coating,10.1626,0.93697,0.06303,clybrkcm.prn
Clay Brick (Common),Ceramic Coating,10.1229,0.93595,0.06405,clybrkcm.prn
Clay Brick (Common),Ceramic Coating,10.0835,0.9359,0.0641,clybrkcm.prn
Clay Brick (Common),Ceramic Coating,10.0444,0.93606,0.06394,clybrkcm.prn
Clay Brick (Common),Ceramic Coating,10.0057,0.93604,0.06396,clybrkcm.prn
Clay Brick (Common),Ceramic Coating,9.9672,0.93388,0.06612,clybrkcm.prn
Clay Brick (Common),Ceramic Coating,9.929,0.93289,0.06711,clybrkcm.prn
Clay Brick (Common),Ceramic Coating,9.8911,0.93107,0.06893,clybrkcm.prn
Clay Brick (Common),Ceramic Coating,9.8535,0.9294,0.0706,clybrkcm.prn
Clay Brick (Common),Ceramic Coating,9.8162,0.92924,0.07076,clybrkcm.prn
Clay Brick (Common),Ceramic Coating,9.7791,0.92756,0.07244,clybrkcm.prn
Clay Brick (Common),Ceramic Coating,9.7424,0.92918,0.07082,clybrkcm.prn
Clay Brick (Common),Ceramic Coating,9.7059,0.92565,0.07435,clybrkcm.prn
Clay Brick (Common),Ceramic Coating,9.6697,0.92524,0.07476,clybrkcm.prn
Clay Brick (Common),Ceramic Coating,9.6337,0.92398,0.07602,clybrkcm.prn
Clay Brick (Common),Ceramic Coating,9.598,0.92344,0.07656,clybrkcm.prn
Clay Brick (Common),Ceramic Coating,9.5626,0.92302,0.07698,clybrkcm.prn
Clay Brick (Common),Ceramic Coating,9.5274,0.92136,0.07864,clybrkcm.prn
Clay Brick (Common),Ceramic Coating,9.4925,0.91765,0.08235,clybrkcm.prn
Clay Brick (Common),Ceramic Coating,9.4579,0.91534,0.08466,clybrkcm.prn
Clay Brick (Common),Ceramic Coating,9.4235,0.91096,0.08904,clybrkcm.prn
Clay Brick (Common),Ceramic Coating,9.3894,0.9081,0.0919,clybrkcm.prn
Clay Brick (Common),Ceramic Coating,9.3555,0.90511,0.09489,clybrkcm.prn
Clay Brick (Common),Ceramic Coating,9.3218,0.90155,0.09845,clybrkcm.prn
Clay Brick (Common),Ceramic Coating,9.2884,0.90027,0.09973,clybrkcm.prn
Clay Brick (Common),Ceramic Coating,9.2552,0.89718,0.10282,clybrkcm.prn
Clay Brick (Common),Ceramic Coating,9.2223,0.89702,0.10298,clybrkcm.prn
Clay Brick (Common),Ceramic Coating,9.1896,0.89549,0.10451,clybrkcm.prn
Clay Brick (Common),Ceramic Coating,9.1571,0.89438,0.10562,clybrkcm.prn
Clay Brick (Common),Ceramic Coating,9.1249,0.89846,0.10154,clybrkcm.prn
Clay Brick (Common),Ceramic Coating,9.0929,0.89882,0.10118,clybrkcm.prn
Clay Brick (Common),Ceramic Coating,9.0611,0.90034,0.09966,clybrkcm.prn
Clay Brick (Common),Ceramic Coating,9.0295,0.9065,0.0935,clybrkcm.prn
Clay Brick (Common),Ceramic Coating,8.9982,0.90916,0.09084,clybrkcm.prn
Clay Brick (Common),Ceramic Coating,8.967,0.9126,0.0874,clybrkcm.prn
Clay Brick (Common),Ceramic Coating,8.9361,0.91538,0.08462,clybrkcm.prn
Clay Brick (Common),Ceramic Coating,8.9054,0.91655,0.08345,clybrkcm.prn
Clay Brick (Common),Ceramic Coating,8.8749,0.9217,0.0783,clybrkcm.prn
Clay Brick (Common),Ceramic Coating,8.8446,0.92499,0.07501,clybrkcm.prn
Clay Brick (Common),Ceramic Coating,8.8145,0.92739,0.07261,clybrkcm.prn
Clay Brick (Common),Ceramic Coating,8.7846,0.93065,0.06935,clybrkcm.prn
Clay Brick (Common),Ceramic Coating,8.755,0.93212,0.06788,clybrkcm.prn
Clay Brick (Common),Ceramic Coating,8.7255,0.93415,0.06585,clybrkcm.prn
Clay Brick (Common),Ceramic Coating,8.6962,0.93675,0.06325,clybrkcm.prn
Clay Brick (Common),Ceramic Coating,8.6671,0.9401,0.0599,clybrkcm.prn
Clay Brick (Common),Ceramic Coating,8.6382,0.94105,0.05895,clybrkcm.prn
Clay Brick (Common),Ceramic Coating,8.6095,0.94415,0.05585,clybrkcm.prn
Clay Brick (Common),Ceramic Coating,8.581,0.9432,0.0568,clybrkcm.prn
Clay Brick (Common),Ceramic Coating,8.5527,0.94389,0.05611,clybrkcm.prn
Clay Brick (Common),Ceramic Coating,8.5246,0.9441,0.0559,clybrkcm.prn
Clay Brick (Common),Ceramic Coating,8.4966,0.94505,0.05495,clybrkcm.prn
Clay Brick (Common),Ceramic Coating,8.4688,0.94572,0.05428,clybrkcm.prn
Clay Brick (Common),Ceramic Coating,8.4413,0.94935,0.05065,clybrkcm.prn
Clay Brick (Common),Ceramic Coating,8.4139,0.94923,0.05077,clybrkcm.prn
Clay Brick (Common),Ceramic Coating,8.3866,0.95222,0.04778,clybrkcm.prn
Clay Brick (Common),Ceramic Coating,8.3596,0.95026,0.04974,clybrkcm.prn
Clay Brick (Common),Ceramic Coating,8.3327,0.95213,0.04787,clybrkcm.prn
Clay Brick (Common),Ceramic Coating,8.306,0.95466,0.04534,clybrkcm.prn
Clay Brick (Common),Ceramic Coating,8.2795,0.95483,0.04517,clybrkcm.prn
Clay Brick (Common),Ceramic Coating,8.2531,0.95687,0.04313,clybrkcm.prn
Clay Brick (Common),Ceramic Coating,8.2269,0.95891,0.04109,clybrkcm.prn
Clay Brick (Common),Ceramic Coating,8.2008,0.96086,0.03914,clybrkcm.prn
Clay Brick (Common),Ceramic Coating,8.175,0.96434,0.03566,clybrkcm.prn
Clay Brick (Common),Ceramic Coating,8.1493,0.9667,0.0333,clybrkcm.prn
Clay Brick (Common),Ceramic Coating,8.1237,0.9707,0.0293,clybrkcm.prn
Clay Brick (Common),Ceramic Coating,8.0983,0.97086,0.02914,clybrkcm.prn
Clay Brick (Common),Ceramic Coating,8.0731,0.9732,0.0268,clybrkcm.prn
Clay Brick (Common),Ceramic Coating,8.048,0.97786,0.02214,clybrkcm.prn
Clay Brick (Common),Ceramic Coating,8.0231,0.97843,0.02157,clybrkcm.prn
Red Concrete Brick,Ceramic Coating,13.9326,0.98807,0.01193,rdconbrk.prn
Red Concrete Brick,Ceramic Coating,13.8581,0.98896,0.01104,rdconbrk.prn
Red Concrete Brick,Ceramic Coating,13.7844,0.98578,0.01422,rdconbrk.prn
Red Concrete Brick,Ceramic Coating,13.7115,0.98625,0.01375,rdconbrk.prn
Red Concrete Brick,Ceramic Coating,13.6393,0.98676,0.01324,rdconbrk.prn
Red Concrete Brick,Ceramic Coating,13.5679,0.98706,0.01294,rdconbrk.prn
Red Concrete Brick,Ceramic Coating,13.4972,0.98203,0.01797,rdconbrk.prn
Red Concrete Brick,Ceramic Coating,13.4273,0.9835,0.0165,rdconbrk.prn
Red Concrete Brick,Ceramic Coating,13.3581,0.98056,0.01944,rdconbrk.prn
Red Concrete Brick,Ceramic Coating,13.2896,0.97833,0.02167,rdconbrk.prn
Red Concrete Brick,Ceramic Coating,13.2218,0.98077,0.01923,rdconbrk.prn
Red Concrete Brick,Ceramic Coating,13.1546,0.98011,0.01989,rdconbrk.prn
Red Concrete Brick,Ceramic Coating,13.0882,0.98058,0.01942,rdconbrk.prn
Red Concrete Brick,Ceramic Coating,13.0224,0.9775,0.0225,rdconbrk.prn
Red Concrete Brick,Ceramic Coating,12.9573,0.97779,0.02221,rdconbrk.prn
Red Concrete Brick,Ceramic Coating,12.8929,0.97584,0.02416,rdconbrk.prn
Red Concrete Brick,Ceramic Coating,12.829,0.97503,0.02497,rdconbrk.prn
Red Concrete Brick,Ceramic Coating,12.7658,0.97285,0.02715,rdconbrk.prn
Red Concrete Brick,Ceramic Coating,12.7033,0.97408,0.02592,rdconbrk.prn
Red Concrete Brick,Ceramic Coating,12.6413,0.97478,0.02522,rdconbrk.prn
Red Concrete Brick,Ceramic Coating,12.5799,0.97436,0.02564,rdconbrk.prn
Red Concrete Brick,Ceramic Coating,12.5192,0.97475,0.02525,rdconbrk.prn
Red Concrete Brick,Ceramic Coating,12.459,0.97375,0.02625,rdconbrk.prn
Red Concrete Brick,Ceramic Coating,12.3994,0.97572,0.02428,rdconbrk.prn
Red Concrete Brick,Ceramic Coating,12.3403,0.97896,0.02104,rdconbrk.prn
Red Concrete Brick,Ceramic Coating,12.2818,0.97836,0.02164,rdconbrk.prn
Red Concrete Brick,Ceramic Coating,12.2239,0.97814,0.02186,rdconbrk.prn
Red Concrete Brick,Ceramic Coating,12.1665,0.97633,0.02367,rdconbrk.prn
Red Concrete Brick,Ceramic Coating,12.1097,0.97556,0.02444,rdconbrk.prn
Red Concrete Brick,Ceramic Coating,12.0533,0.97258,0.02742,rdconbrk.prn
Red Concrete Brick,Ceramic Coating,11.9975,0.97233,0.02767,rdconbrk.prn
Red Concrete Brick,Ceramic Coating,11.9422,0.97316,0.02684,rdconbrk.prn
Red Concrete Brick,Ceramic Coating,11.8875,0.97114,0.02886,rdconbrk.prn
Red Concrete Brick,Ceramic Coating,11.8332,0.96932,0.03068,rdconbrk.prn
Red Concrete Brick,Ceramic Coating,11.7794,0.96721,0.03279,rdconbrk.prn
Red Concrete Brick,Ceramic Coating,11.7261,0.96357,0.03643,rdconbrk.prn
Red Concrete Brick,Ceramic Coating,11.6733,0.96409,0.03591,rdconbrk.prn
Red Concrete Brick,Ceramic Coating,11.6209,0.96239,0.03761,rdconbrk.prn
Red Concrete Brick,Ceramic Coating,11.569,0.95962,0.04038,rdconbrk.prn
Red Concrete Brick,Ceramic Coating,11.5176,0.95308,0.04692,rdconbrk.prn
Red Concrete Brick,Ceramic Coating,11.4667,0.95086,0.04914,rdconbrk.prn
Red Concrete Brick,Ceramic Coating,11.4161,0.96053,0.03947,rdconbrk.prn
Red Concrete Brick,Ceramic Coating,11.3661,0.96969,0.03031,rdconbrk.prn
Red Concrete Brick,Ceramic Coating,11.3164,0.97388,0.02612,rdconbrk.prn
Red Concrete Brick,Ceramic Coating,11.2672,0.9737,0.0263,rdconbrk.prn
Red Concrete Brick,Ceramic Coating,11.2185,0.97553,0.02447,rdconbrk.prn
Red Concrete Brick,Ceramic Coating,11.1701,0.97279,0.02721,rdconbrk.prn
Red Concrete Brick,Ceramic Coating,11.1222,0.97313,0.02687,rdconbrk.prn
Red Concrete Brick,Ceramic Coating,11.0746,0.97201,0.02799,rdconbrk.prn
Red Concrete Brick,Ceramic Coating,11.0275,0.97298,0.02702,rdconbrk.prn
Red Concrete Brick,Ceramic Coating,10.9808,0.97345,0.02655,rdconbrk.prn
Red Concrete Brick,Ceramic Coating,10.9345,0.97375,0.02625,rdconbrk.prn
Red Concrete Brick,Ceramic Coating,10.8885,0.97122,0.02878,rdconbrk.prn
Red Concrete Brick,Ceramic Coating,10.8429,0.96908,0.03092,rdconbrk.prn
Red Concrete Brick,Ceramic Coating,10.7978,0.96754,0.03246,rdconbrk.prn
Red Concrete Brick,Ceramic Coating,10.753,0.96601,0.03399,rdconbrk.prn
Red Concrete Brick,Ceramic Coating,10.7085,0.96487,0.03513,rdconbrk.prn
Red Concrete Brick,Ceramic Coating,10.6645,0.96508,0.03492,rdconbrk.prn
Red Concrete Brick,Ceramic Coating,10.6208,0.96379,0.03621,rdconbrk.prn
Red Concrete Brick,Ceramic Coating,10.5774,0.96256,0.03744,rdconbrk.prn
Red Concrete Brick,Ceramic Coating,10.5344,0.9634,0.0366,rdconbrk.prn
Red Concrete Brick,Ceramic Coating,10.4918,0.96506,0.03494,rdconbrk.prn
Red Concrete Brick,Ceramic Coating,10.4495,0.96547,0.03453,rdconbrk.prn
Red Concrete Brick,Ceramic Coating,10.4075,0.96575,0.03425,rdconbrk.prn
Red Concrete Brick,Ceramic Coating,10.3659,0.96606,0.03394,rdconbrk.prn
Red Concrete Brick,Ceramic Coating,10.3246,0.9679,0.0321,rdconbrk.prn
Red Concrete Brick,Ceramic Coating,10.2836,0.96698,0.03302,rdconbrk.prn
Red Concrete Brick,Ceramic Coating,10.2429,0.96825,0.03175,rdconbrk.prn
Red Concrete Brick,Ceramic Coating,10.2026,0.96894,0.03106,rdconbrk.prn
Red Concrete Brick,Ceramic Coating,10.1626,0.96856,0.03144,rdconbrk.prn
Red Concrete Brick,Ceramic Coating,10.1229,0.96979,0.03021,rdconbrk.prn
Red Concrete Brick,Ceramic Coating,10.0835,0.96935,0.03065,rdconbrk.prn
Red Concrete Brick,Ceramic Coating,10.0444,0.96859,0.03141,rdconbrk.prn
Red Concrete Brick,Ceramic Coating,10.0057,0.96948,0.03052,rdconbrk.prn
Red Concrete Brick,Ceramic Coating,9.9672,0.96843,0.03157,rdconbrk.prn
Red Concrete Brick,Ceramic Coating,9.929,0.96952,0.03048,rdconbrk.prn
Red Concrete Brick,Ceramic Coating,9.8911,0.96949,0.03051,rdconbrk.prn
Red Concrete Brick,Ceramic Coating,9.8535,0.9687,0.0313,rdconbrk.prn
Red Concrete Brick,Ceramic Coating,9.8162,0.9695,0.0305,rdconbrk.prn
Red Concrete Brick,Ceramic Coating,9.7791,0.9709,0.0291,rdconbrk.prn
Red Concrete Brick,Ceramic Coating,9.7424,0.96992,0.03008,rdconbrk.prn
Red Concrete Brick,Ceramic Coating,9.7059,0.97095,0.02905,rdconbrk.prn
Red Concrete Brick,Ceramic Coating,9.6697,0.97088,0.02912,rdconbrk.prn
Red Concrete Brick,Ceramic Coating,9.6337,0.97094,0.02906,rdconbrk.prn
Red Concrete Brick,Ceramic Coating,9.598,0.97013,0.02987,rdconbrk.prn
Red Concrete Brick,Ceramic Coating,9.5626,0.96955,0.03045,rdconbrk.prn
Red Concrete Brick,Ceramic Coating,9.5274,0.96781,0.03219,rdconbrk.prn
Red Concrete Brick,Ceramic Coating,9.4925,0.96517,0.03483,rdconbrk.prn
Red Concrete Brick,Ceramic Coating,9.4579,0.96315,0.03685,rdconbrk.prn
Red Concrete Brick,Ceramic Coating,9.4235,0.96098,0.03902,rdconbrk.prn
Red Concrete Brick,Ceramic Coating,9.3894,0.95963,0.04037,rdconbrk.prn
Red Concrete Brick,Ceramic Coating,9.3555,0.95679,0.04321,rdconbrk.prn
Red Concrete Brick,Ceramic Coating,9.3218,0.95584,0.04416,rdconbrk.prn
Red Concrete Brick,Ceramic Coating,9.2884,0.95446,0.04554,rdconbrk.prn
Red Concrete Brick,Ceramic Coating,9.2552,0.95452,0.04548,rdconbrk.prn
Red Concrete Brick,Ceramic Coating,9.2223,0.9561,0.0439,rdconbrk.prn
Red Concrete Brick,Ceramic Coating,9.1896,0.95372,0.04628,rdconbrk.prn
Red Concrete Brick,Ceramic Coating,9.1571,0.9535,0.0465,rdconbrk.prn
Red Concrete Brick,Ceramic Coating,9.1249,0.95655,0.04345,rdconbrk.prn
Red Concrete Brick,Ceramic Coating,9.0929,0.95508,0.04492,rdconbrk.prn
Red Concrete Brick,Ceramic Coating,9.0611,0.954,0.046,rdconbrk.prn
Red Concrete Brick,Ceramic Coating,9.0295,0.95567,0.04433,rdconbrk.prn
Red Concrete Brick,Ceramic Coating,8.9982,0.95327,0.04673,rdconbrk.prn
Red Concrete Brick,Ceramic Coating,8.967,0.95309,0.04691,rdconbrk.prn
Red Concrete Brick,Ceramic Coating,8.9361,0.9521,0.0479,rdconbrk.prn
Red Concrete Brick,Ceramic Coating,8.9054,0.95126,0.04874,rdconbrk.prn
Red Concrete Brick,Ceramic Coating,8.8749,0.95008,0.04992,rdconbrk.prn
Red Concrete Brick,Ceramic Coating,8.8446,0.94893,0.05107,rdconbrk.prn
Red Concrete Brick,Ceramic Coating,8.8145,0.95049,0.04951,rdconbrk.prn
Red Concrete Brick,Ceramic Coating,8.7846,0.9485,0.0515,rdconbrk.prn
Red Concrete Brick,Ceramic Coating,8.755,0.94835,0.05165,rdconbrk.prn
Red Concrete Brick,Ceramic Coating,8.7255,0.94722,0.05278,rdconbrk.prn
Red Concrete Brick,Ceramic Coating,8.6962,0.94586,0.05414,rdconbrk.prn
Red Concrete Brick,Ceramic Coating,8.6671,0.94704,0.05296,rdconbrk.prn
Red Concrete Brick,Ceramic Coating,8.6382,0.9461,0.0539,rdconbrk.prn
Red Concrete Brick,Ceramic Coating,8.6095,0.94711,0.05289,rdconbrk.prn
Red Concrete Brick,Ceramic Coating,8.581,0.94398,0.05602,rdconbrk.prn
Red Concrete Brick,Ceramic Coating,8.5527,0.94058,0.05942,rdconbrk.prn
Red Concrete Brick,Ceramic Coating,8.5246,0.93861,0.06139,rdconbrk.prn
Red Concrete Brick,Ceramic Coating,8.4966,0.93549,0.06451,rdconbrk.prn
Red Concrete Brick,Ceramic Coating,8.4688,0.93395,0.06605,rdconbrk.prn
Red Concrete Brick,Ceramic Coating,8.4413,0.93009,0.06991,rdconbrk.prn
Red Concrete Brick,Ceramic Coating,8.4139,0.92799,0.07201,rdconbrk.prn
Red Concrete Brick,Ceramic Coating,8.3866,0.92561,0.07439,rdconbrk.prn
Red Concrete Brick,Ceramic Coating,8.3596,0.92301,0.07699,rdconbrk.prn
Red Concrete Brick,Ceramic Coating,8.3327,0.92212,0.07788,rdconbrk.prn
Red Concrete Brick,Ceramic Coating,8.306,0.92087,0.07913,rdconbrk.prn
Red Concrete Brick,Ceramic Coating,8.2795,0.91952,0.08048,rdconbrk.prn
Red Concrete Brick,Ceramic Coating,8.2531,0.91844,0.08156,rdconbrk.prn
Red Concrete Brick,Ceramic Coating,8.2269,0.91864,0.08136,rdconbrk.prn
Red Concrete Brick,Ceramic Coating,8.2008,0.9187,0.0813,rdconbrk.prn
Red Concrete Brick,Ceramic Coating,8.175,0.91965,0.08035,rdconbrk.prn
Red Concrete Brick,Ceramic Coating,8.1493,0.9239,0.0761,rdconbrk.prn
Red Concrete Brick,Ceramic Coating,8.1237,0.92553,0.07447,rdconbrk.prn
Red Concrete Brick,Ceramic Coating,8.0983,0.92553,0.07447,rdconbrk.prn
Red Concrete Brick,Ceramic Coating,8.0731,0.92921,0.07079,rdconbrk.prn
Red Concrete Brick,Ceramic Coating,8.048,0.936,0.064,rdconbrk.prn
Red Concrete Brick,Ceramic Coating,8.0231,0.93588,0.06412,rdconbrk.prn
U.S. Tile (2pc),Ceramic Coating,13.9326,0.98008,0.01992,ustile2p.prn
U.S. Tile (2pc),Ceramic Coating,13.8581,0.98073,0.01927,ustile2p.prn
U.S. Tile (2pc),Ceramic Coating,13.7844,0.98516,0.01484,ustile2p.prn
U.S. Tile (2pc),Ceramic Coating,13.7115,0.97688,0.02312,ustile2p.prn
U.S. Tile (2pc),Ceramic Coating,13.6393,0.97762,0.02238,ustile2p.prn
U.S. Tile (2pc),Ceramic Coating,13.5679,0.98014,0.01986,ustile2p.prn
U.S. Tile (2pc),Ceramic Coating,13.4972,0.97984,0.02016,ustile2p.prn
U.S. Tile (2pc),Ceramic Coating,13.4273,0.97781,0.02219,ustile2p.prn
U.S. Tile (2pc),Ceramic Coating,13.3581,0.97773,0.02227,ustile2p.prn
U.S. Tile (2pc),Ceramic Coating,13.2896,0.97481,0.02519,ustile2p.prn
U.S. Tile (2pc),Ceramic Coating,13.2218,0.97628,0.02372,ustile2p.prn
U.S. Tile (2pc),Ceramic Coating,13.1546,0.97253,0.02747,ustile2p.prn
U.S. Tile (2pc),Ceramic Coating,13.0882,0.97428,0.02572,ustile2p.prn
U.S. Tile (2pc),Ceramic Coating,13.0224,0.97393,0.02607,ustile2p.prn
U.S. Tile (2pc),Ceramic Coating,12.9573,0.9745,0.0255,ustile2p.prn
U.S. Tile (2pc),Ceramic Coating,12.8929,0.97153,0.02847,ustile2p.prn
U.S. Tile (2pc),Ceramic Coating,12.829,0.97088,0.02912,ustile2p.prn
U.S. Tile (2pc),Ceramic Coating,12.7658,0.97485,0.02515,ustile2p.prn
U.S. Tile (2pc),Ceramic Coating,12.7033,0.97567,0.02433,ustile2p.prn
U.S. Tile (2pc),Ceramic Coating,12.6413,0.97234,0.02766,ustile2p.prn
U.S. Tile (2pc),Ceramic Coating,12.5799,0.97786,0.02214,ustile2p.prn
U.S. Tile (2pc),Ceramic Coating,12.5192,0.97764,0.02236,ustile2p.prn
U.S. Tile (2pc),Ceramic Coating,12.459,0.97609,0.02391,ustile2p.prn
U.S. Tile (2pc),Ceramic Coating,12.3994,0.97822,0.02178,ustile2p.prn
U.S. Tile (2pc),Ceramic Coating,12.3403,0.97904,0.02096,ustile2p.prn
U.S. Tile (2pc),Ceramic Coating,12.2818,0.97644,0.02356,ustile2p.prn
U.S. Tile (2pc),Ceramic Coating,12.2239,0.9748,0.0252,ustile2p.prn
U.S. Tile (2pc),Ceramic Coating,12.1665,0.97562,0.02438,ustile2p.prn
U.S. Tile (2pc),Ceramic Coating,12.1097,0.97338,0.02662,ustile2p.prn
U.S. Tile (2pc),Ceramic Coating,12.0533,0.97123,0.02877,ustile2p.prn
U.S. Tile (2pc),Ceramic Coating,11.9975,0.96956,0.03044,ustile2p.prn
U.S. Tile (2pc),Ceramic Coating,11.9422,0.96811,0.03189,ustile2p.prn
U.S. Tile (2pc),Ceramic Coating,11.8875,0.96685,0.03315,ustile2p.prn
U.S. Tile (2pc),Ceramic Coating,11.8332,0.96386,0.03614,ustile2p.prn
U.S. Tile (2pc),Ceramic Coating,11.7794,0.96473,0.03527,ustile2p.prn
U.S. Tile (2pc),Ceramic Coating,11.7261,0.96135,0.03865,ustile2p.prn
U.S. Tile (2pc),Ceramic Coating,11.6733,0.96081,0.03919,ustile2p.prn
U.S. Tile (2pc),Ceramic Coating,11.6209,0.96021,0.03979,ustile2p.prn
U.S. Tile (2pc),Ceramic Coating,11.569,0.95889,0.04111,ustile2p.prn
U.S. Tile (2pc),Ceramic Coating,11.5176,0.95898,0.04102,ustile2p.prn
U.S. Tile (2pc),Ceramic Coating,11.4667,0.9591,0.0409,ustile2p.prn
U.S. Tile (2pc),Ceramic Coating,11.4161,0.95593,0.04407,ustile2p.prn
U.S. Tile (2pc),Ceramic Coating,11.3661,0.95549,0.04451,ustile2p.prn
U.S. Tile (2pc),Ceramic Coating,11.3164,0.95623,0.04377,ustile2p.prn
U.S. Tile (2pc),Ceramic Coating,11.2672,0.95544,0.04456,ustile2p.prn
U.S. Tile (2pc),Ceramic Coating,11.2185,0.95362,0.04638,ustile2p.prn
U.S. Tile (2pc),Ceramic Coating,11.1701,0.95444,0.04556,ustile2p.prn
U.S. Tile (2pc),Ceramic Coating,11.1222,0.95296,0.04704,ustile2p.prn
U.S. Tile (2pc),Ceramic Coating,11.0746,0.95157,0.04843,ustile2p.prn
U.S. Tile (2pc),Ceramic Coating,11.0275,0.95099,0.04901,ustile2p.prn
U.S. Tile (2pc),Ceramic Coating,10.9808,0.95078,0.04922,ustile2p.prn
U.S. Tile (2pc),Ceramic Coating,10.9345,0.95001,0.04999,ustile2p.prn
U.S. Tile (2pc),Ceramic Coating,10.8885,0.95085,0.04915,ustile2p.prn
U.S. Tile (2pc),Ceramic Coating,10.8429,0.95213,0.04787,ustile2p.prn
U.S. Tile (2pc),Ceramic Coating,10.7978,0.95224,0.04776,ustile2p.prn
U.S. Tile (2pc),Ceramic Coating,10.753,0.95017,0.04983,ustile2p.prn
U.S. Tile (2pc),Ceramic Coating,10.7085,0.95105,0.04895,ustile2p.prn
U.S. Tile (2pc),Ceramic Coating,10.6645,0.95126,0.04874,ustile2p.prn
U.S. Tile (2pc),Ceramic Coating,10.6208,0.95001,0.04999,ustile2p.prn
U.S. Tile (2pc),Ceramic Coating,10.5774,0.95077,0.04923,ustile2p.prn
U.S. Tile (2pc),Ceramic Coating,10.5344,0.95002,0.04998,ustile2p.prn
U.S. Tile (2pc),Ceramic Coating,10.4918,0.95019,0.04981,ustile2p.prn
U.S. Tile (2pc),Ceramic Coating,10.4495,0.94891,0.05109,ustile2p.prn
U.S. Tile (2pc),Ceramic Coating,10.4075,0.94595,0.05405,ustile2p.prn
U.S. Tile (2pc),Ceramic Coating,10.3659,0.94399,0.05601,ustile2p.prn
U.S. Tile (2pc),Ceramic Coating,10.3246,0.94078,0.05922,ustile2p.prn
U.S. Tile (2pc),Ceramic Coating,10.2836,0.93975,0.06025,ustile2p.prn
U.S. Tile (2pc),Ceramic Coating,10.2429,0.93713,0.06287,ustile2p.prn
U.S. Tile (2pc),Ceramic Coating,10.2026,0.93415,0.06585,ustile2p.prn
U.S. Tile (2pc),Ceramic Coating,10.1626,0.93097,0.06903,ustile2p.prn
U.S. Tile (2pc),Ceramic Coating,10.1229,0.9293,0.0707,ustile2p.prn
U.S. Tile (2pc),Ceramic Coating,10.0835,0.9257,0.0743,ustile2p.prn
U.S. Tile (2pc),Ceramic Coating,10.0444,0.92366,0.07634,ustile2p.prn
U.S. Tile (2pc),Ceramic Coating,10.0057,0.92085,0.07915,ustile2p.prn
U.S. Tile (2pc),Ceramic Coating,9.9672,0.91743,0.08257,ustile2p.prn
U.S. Tile (2pc),Ceramic Coating,9.929,0.9156,0.0844,ustile2p.prn
U.S. Tile (2pc),Ceramic Coating,9.8911,0.91416,0.08584,ustile2p.prn
U.S. Tile (2pc),Ceramic Coating,9.8535,0.90896,0.09104,ustile2p.prn
U.S. Tile (2pc),Ceramic Coating,9.8162,0.90976,0.09024,ustile2p.prn
U.S. Tile (2pc),Ceramic Coating,9.7791,0.90693,0.09307,ustile2p.prn
U.S. Tile (2pc),Ceramic Coating,9.7424,0.90482,0.09518,ustile2p.prn
U.S. Tile (2pc),Ceramic Coating,9.7059,0.90407,0.09593,ustile2p.prn
U.S. Tile (2pc),Ceramic Coating,9.6697,0.89737,0.10263,ustile2p.prn
U.S. Tile (2pc),Ceramic Coating,9.6337,0.89738,0.10262,ustile2p.prn
U.S. Tile (2pc),Ceramic Coating,9.598,0.89707,0.10293,ustile2p.prn
U.S. Tile (2pc),Ceramic Coating,9.5626,0.89756,0.10244,ustile2p.prn
U.S. Tile (2pc),Ceramic Coating,9.5274,0.89678,0.10322,ustile2p.prn
U.S. Tile (2pc),Ceramic Coating,9.4925,0.89459,0.10541,ustile2p.prn
U.S. Tile (2pc),Ceramic Coating,9.4579,0.89841,0.10159,ustile2p.prn
U.S. Tile (2pc),Ceramic Coating,9.4235,0.8959,0.1041,ustile2p.prn
U.S. Tile (2pc),Ceramic Coating,9.3894,0.89804,0.10196,ustile2p.prn
U.S. Tile (2pc),Ceramic Coating,9.3555,0.89682,0.10318,ustile2p.prn
U.S. Tile (2pc),Ceramic Coating,9.3218,0.89892,0.10108,ustile2p.prn
U.S. Tile (2pc),Ceramic Coating,9.2884,0.89929,0.10071,ustile2p.prn
U.S. Tile (2pc),Ceramic Coating,9.2552,0.89845,0.10155,ustile2p.prn
U.S. Tile (2pc),Ceramic Coating,9.2223,0.90107,0.09893,ustile2p.prn
U.S. Tile (2pc),Ceramic Coating,9.1896,0.90082,0.09918,ustile2p.prn
U.S. Tile (2pc),Ceramic Coating,9.1571,0.90141,0.09859,ustile2p.prn
U.S. Tile (2pc),Ceramic Coating,9.1249,0.90344,0.09656,ustile2p.prn
U.S. Tile (2pc),Ceramic Coating,9.0929,0.90534,0.09466,ustile2p.prn
U.S. Tile (2pc),Ceramic Coating,9.0611,0.90562,0.09438,ustile2p.prn
U.S. Tile (2pc),Ceramic Coating,9.0295,0.90644,0.09356,ustile2p.prn
U.S. Tile (2pc),Ceramic Coating,8.9982,0.909,0.091,ustile2p.prn
U.S. Tile (2pc),Ceramic Coating,8.967,0.91099,0.08901,ustile2p.prn
U.S. Tile (2pc),Ceramic Coating,8.9361,0.91293,0.08707,ustile2p.prn
U.S. Tile (2pc),Ceramic Coating,8.9054,0.91684,0.08316,ustile2p.prn
U.S. Tile (2pc),Ceramic Coating,8.8749,0.918,0.082,ustile2p.prn
U.S. Tile (2pc),Ceramic Coating,8.8446,0.92226,0.07774,ustile2p.prn
U.S. Tile (2pc),Ceramic Coating,8.8145,0.92408,0.07592,ustile2p.prn
U.S. Tile (2pc),Ceramic Coating,8.7846,0.92573,0.07427,ustile2p.prn
U.S. Tile (2pc),Ceramic Coating,8.755,0.93102,0.06898,ustile2p.prn
U.S. Tile (2pc),Ceramic Coating,8.7255,0.93179,0.06821,ustile2p.prn
U.S. Tile (2pc),Ceramic Coating,8.6962,0.93358,0.06642,ustile2p.prn
U.S. Tile (2pc),Ceramic Coating,8.6671,0.93603,0.06397,ustile2p.prn
U.S. Tile (2pc),Ceramic Coating,8.6382,0.93893,0.06107,ustile2p.prn
U.S. Tile (2pc),Ceramic Coating,8.6095,0.93997,0.06003,ustile2p.prn
U.S. Tile (2pc),Ceramic Coating,8.581,0.93937,0.06063,ustile2p.prn
U.S. Tile (2pc),Ceramic Coating,8.5527,0.93856,0.06144,ustile2p.prn
U.S. Tile (2pc),Ceramic Coating,8.5246,0.94097,0.05903,ustile2p.prn
U.S. Tile (2pc),Ceramic Coating,8.4966,0.94186,0.05814,ustile2p.prn
U.S. Tile (2pc),Ceramic Coating,8.4688,0.94382,0.05618,ustile2p.prn
U.S. Tile (2pc),Ceramic Coating,8.4413,0.94398,0.05602,ustile2p.prn
U.S. Tile (2pc),Ceramic Coating,8.4139,0.94659,0.05341,ustile2p.prn
U.S. Tile (2pc),Ceramic Coating,8.3866,0.94748,0.05252,ustile2p.prn
U.S. Tile (2pc),Ceramic Coating,8.3596,0.95112,0.04888,ustile2p.prn
U.S. Tile (2pc),Ceramic Coating,8.3327,0.95355,0.04645,ustile2p.prn
U.S. Tile (2pc),Ceramic Coating,8.306,0.95415,0.04585,ustile2p.prn
U.S. Tile (2pc),Ceramic Coating,8.2795,0.95693,0.04307,ustile2p.prn
U.S. Tile (2pc),Ceramic Coating,8.2531,0.95827,0.04173,ustile2p.prn
U.S. Tile (2pc),Ceramic Coating,8.2269,0.96157,0.03843,ustile2p.prn
U.S. Tile (2pc),Ceramic Coating,8.2008,0.96323,0.03677,ustile2p.prn
U.S. Tile (2pc),Ceramic Coating,8.175,0.96559,0.03441,ustile2p.prn
U.S. Tile (2pc),Ceramic Coating,8.1493,0.96886,0.03114,ustile2p.prn
U.S. Tile (2pc),Ceramic Coating,8.1237,0.97188,0.02812,ustile2p.prn
U.S. Tile (2pc),Ceramic Coating,8.0983,0.97137,0.02863,ustile2p.prn
U.S. Tile (2pc),Ceramic Coating,8.0731,0.97348,0.02652,ustile2p.prn
U.S. Tile (2pc),Ceramic Coating,8.048,0.97494,0.02506,ustile2p.prn
U.S. Tile (2pc),Ceramic Coating,8.0231,0.97571,0.02429,ustile2p.prn
Beige Tile 8x8,Ceramic Coating,13.9326,0.94415,0.05585,beigetle.prn
Beige Tile 8x8,Ceramic Coating,13.8581,0.94673,0.05327,beigetle.prn
Beige Tile 8x8,Ceramic Coating,13.7844,0.94276,0.05724,beigetle.prn
Beige Tile 8x8,Ceramic Coating,13.7115,0.94094,0.05906,beigetle.prn
Beige Tile 8x8,Ceramic Coating,13.6393,0.94262,0.05738,beigetle.prn
Beige Tile 8x8,Ceramic Coating,13.5679,0.94096,0.05904,beigetle.prn
Beige Tile 8x8,Ceramic Coating,13.4972,0.93723,0.06277,beigetle.prn
Beige Tile 8x8,Ceramic Coating,13.4273,0.93922,0.06078,beigetle.prn
Beige Tile 8x8,Ceramic Coating,13.3581,0.93898,0.06102,beigetle.prn
Beige Tile 8x8,Ceramic Coating,13.2896,0.93531,0.06469,beigetle.prn
Beige Tile 8x8,Ceramic Coating,13.2218,0.93658,0.06342,beigetle.prn
Beige Tile 8x8,Ceramic Coating,13.1546,0.9349,0.0651,beigetle.prn
Beige Tile 8x8,Ceramic Coating,13.0882,0.93446,0.06554,beigetle.prn
Beige Tile 8x8,Ceramic Coating,13.0224,0.93233,0.06767,beigetle.prn
Beige Tile 8x8,Ceramic Coating,12.9573,0.93308,0.06692,beigetle.prn
Beige Tile 8x8,Ceramic Coating,12.8929,0.93245,0.06755,beigetle.prn
Beige Tile 8x8,Ceramic Coating,12.829,0.93271,0.06729,beigetle.prn
Beige Tile 8x8,Ceramic Coating,12.7658,0.932,0.068,beigetle.prn
Beige Tile 8x8,Ceramic Coating,12.7033,0.93555,0.06445,beigetle.prn
Beige Tile 8x8,Ceramic Coating,12.6413,0.93236,0.06764,beigetle.prn
Beige Tile 8x8,Ceramic Coating,12.5799,0.93743,0.06257,beigetle.prn
Beige Tile 8x8,Ceramic Coating,12.5192,0.93693,0.06307,beigetle.prn
Beige Tile 8x8,Ceramic Coating,12.459,0.94024,0.05976,beigetle.prn
Beige Tile 8x8,Ceramic Coating,12.3994,0.94315,0.05685,beigetle.prn
Beige Tile 8x8,Ceramic Coating,12.3403,0.94443,0.05557,beigetle.prn
Beige Tile 8x8,Ceramic Coating,12.2818,0.9434,0.0566,beigetle.prn
Beige Tile 8x8,Ceramic Coating,12.2239,0.94607,0.05393,beigetle.prn
Beige Tile 8x8,Ceramic Coating,12.1665,0.9464,0.0536,beigetle.prn
Beige Tile 8x8,Ceramic Coating,12.1097,0.94502,0.05498,beigetle.prn
Beige Tile 8x8,Ceramic Coating,12.0533,0.94286,0.05714,beigetle.prn
Beige Tile 8x8,Ceramic Coating,11.9975,0.94001,0.05999,beigetle.prn
Beige Tile 8x8,Ceramic Coating,11.9422,0.94106,0.05894,beigetle.prn
Beige Tile 8x8,Ceramic Coating,11.8875,0.93878,0.06122,beigetle.prn
Beige Tile 8x8,Ceramic Coating,11.8332,0.93643,0.06357,beigetle.prn
Beige Tile 8x8,Ceramic Coating,11.7794,0.93507,0.06493,beigetle.prn
Beige Tile 8x8,Ceramic Coating,11.7261,0.93111,0.06889,beigetle.prn
Beige Tile 8x8,Ceramic Coating,11.6733,0.92958,0.07042,beigetle.prn
Beige Tile 8x8,Ceramic Coating,11.6209,0.92787,0.07213,beigetle.prn
Beige Tile 8x8,Ceramic Coating,11.569,0.92467,0.07533,beigetle.prn
Beige Tile 8x8,Ceramic Coating,11.5176,0.92235,0.07765,beigetle.prn
Beige Tile 8x8,Ceramic Coating,11.4667,0.92125,0.07875,beigetle.prn
Beige Tile 8x8,Ceramic Coating,11.4161,0.91607,0.08393,beigetle.prn
Beige Tile 8x8,Ceramic Coating,11.3661,0.9142,0.0858,beigetle.prn
Beige Tile 8x8,Ceramic Coating,11.3164,0.91161,0.08839,beigetle.prn
Beige Tile 8x8,Ceramic Coating,11.2672,0.90857,0.09143,beigetle.prn
Beige Tile 8x8,Ceramic Coating,11.2185,0.90548,0.09452,beigetle.prn
Beige Tile 8x8,Ceramic Coating,11.1701,0.90463,0.09537,beigetle.prn
Beige Tile 8x8,Ceramic Coating,11.1222,0.9026,0.0974,beigetle.prn
Beige Tile 8x8,Ceramic Coating,11.0746,0.90252,0.09748,beigetle.prn
Beige Tile 8x8,Ceramic Coating,11.0275,0.90037,0.09963,beigetle.prn
Beige Tile 8x8,Ceramic Coating,10.9808,0.90089,0.09911,beigetle.prn
Beige Tile 8x8,Ceramic Coating,10.9345,0.89771,0.10229,beigetle.prn
Beige Tile 8x8,Ceramic Coating,10.8885,0.89386,0.10614,beigetle.prn
Beige Tile 8x8,Ceramic Coating,10.8429,0.89368,0.10632,beigetle.prn
Beige Tile 8x8,Ceramic Coating,10.7978,0.89309,0.10691,beigetle.prn
Beige Tile 8x8,Ceramic Coating,10.753,0.88789,0.11211,beigetle.prn
Beige Tile 8x8,Ceramic Coating,10.7085,0.88646,0.11354,beigetle.prn
Beige Tile 8x8,Ceramic Coating,10.6645,0.88652,0.11348,beigetle.prn
Beige Tile 8x8,Ceramic Coating,10.6208,0.88367,0.11633,beigetle.prn
Beige Tile 8x8,Ceramic Coating,10.5774,0.87935,0.12065,beigetle.prn
Beige Tile 8x8,Ceramic Coating,10.5344,0.87662,0.12338,beigetle.prn
Beige Tile 8x8,Ceramic Coating,10.4918,0.87359,0.12641,beigetle.prn
Beige Tile 8x8,Ceramic Coating,10.4495,0.87153,0.12847,beigetle.prn
Beige Tile 8x8,Ceramic Coating,10.4075,0.86825,0.13175,beigetle.prn
Beige Tile 8x8,Ceramic Coating,10.3659,0.8633,0.1367,beigetle.prn
Beige Tile 8x8,Ceramic Coating,10.3246,0.86005,0.13995,beigetle.prn
Beige Tile 8x8,Ceramic Coating,10.2836,0.85618,0.14382,beigetle.prn
Beige Tile 8x8,Ceramic Coating,10.2429,0.85159,0.14841,beigetle.prn
Beige Tile 8x8,Ceramic Coating,10.2026,0.84855,0.15145,beigetle.prn
Beige Tile 8x8,Ceramic Coating,10.1626,0.84416,0.15584,beigetle.prn
Beige Tile 8x8,Ceramic Coating,10.1229,0.83875,0.16125,beigetle.prn
Beige Tile 8x8,Ceramic Coating,10.0835,0.83369,0.16631,beigetle.prn
Beige Tile 8x8,Ceramic Coating,10.0444,0.83032,0.16968,beigetle.prn
Beige Tile 8x8,Ceramic Coating,10.0057,0.82524,0.17476,beigetle.prn
Beige Tile 8x8,Ceramic Coating,9.9672,0.82019,0.17981,beigetle.prn
Beige Tile 8x8,Ceramic Coating,9.929,0.81383,0.18617,beigetle.prn
Beige Tile 8x8,Ceramic Coating,9.8911,0.80787,0.19213,beigetle.prn
Beige Tile 8x8,Ceramic Coating,9.8535,0.7998,0.2002,beigetle.prn
Beige Tile 8x8,Ceramic Coating,9.8162,0.79717,0.20283,beigetle.prn
Beige Tile 8x8,Ceramic Coating,9.7791,0.7896,0.2104,beigetle.prn
Beige Tile 8x8,Ceramic Coating,9.7424,0.7807,0.2193,beigetle.prn
Beige Tile 8x8,Ceramic Coating,9.7059,0.77885,0.22115,beigetle.prn
Beige Tile 8x8,Ceramic Coating,9.6697,0.76989,0.23011,beigetle.prn
Beige Tile 8x8,Ceramic Coating,9.6337,0.76661,0.23339,beigetle.prn
Beige Tile 8x8,Ceramic Coating,9.598,0.75576,0.24424,beigetle.prn
Beige Tile 8x8,Ceramic Coating,9.5626,0.7515,0.2485,beigetle.prn
Beige Tile 8x8,Ceramic Coating,9.5274,0.745,0.255,beigetle.prn
Beige Tile 8x8,Ceramic Coating,9.4925,0.73659,0.26341,beigetle.prn
Beige Tile 8x8,Ceramic Coating,9.4579,0.72731,0.27269,beigetle.prn
Beige Tile 8x8,Ceramic Coating,9.4235,0.71893,0.28107,beigetle.prn
Beige Tile 8x8,Ceramic Coating,9.3894,0.71445,0.28555,beigetle.prn
Beige Tile 8x8,Ceramic Coating,9.3555,0.7048,0.2952,beigetle.prn
Beige Tile 8x8,Ceramic Coating,9.3218,0.69912,0.30088,beigetle.prn
Beige Tile 8x8,Ceramic Coating,9.2884,0.69524,0.30476,beigetle.prn
Beige Tile 8x8,Ceramic Coating,9.2552,0.69086,0.30914,beigetle.prn
Beige Tile 8x8,Ceramic Coating,9.2223,0.69163,0.30837,beigetle.prn
Beige Tile 8x8,Ceramic Coating,9.1896,0.69208,0.30792,beigetle.prn
Beige Tile 8x8,Ceramic Coating,9.1571,0.69429,0.30571,beigetle.prn
Beige Tile 8x8,Ceramic Coating,9.1249,0.69908,0.30092,beigetle.prn
Beige Tile 8x8,Ceramic Coating,9.0929,0.70514,0.29486,beigetle.prn
Beige Tile 8x8,Ceramic Coating,9.0611,0.71403,0.28597,beigetle.prn
Beige Tile 8x8,Ceramic Coating,9.0295,0.72756,0.27244,beigetle.prn
Beige Tile 8x8,Ceramic Coating,8.9982,0.73667,0.26333,beigetle.prn
Beige Tile 8x8,Ceramic Coating,8.967,0.75195,0.24805,beigetle.prn
Beige Tile 8x8,Ceramic Coating,8.9361,0.76326,0.23674,beigetle.prn
Beige Tile 8x8,Ceramic Coating,8.9054,0.77772,0.22228,beigetle.prn
Beige Tile 8x8,Ceramic Coating,8.8749,0.78979,0.21021,beigetle.prn
Beige Tile 8x8,Ceramic Coating,8.8446,0.79963,0.20037,beigetle.prn
Beige Tile 8x8,Ceramic Coating,8.8145,0.80957,0.19043,beigetle.prn
Beige Tile 8x8,Ceramic Coating,8.7846,0.81953,0.18047,beigetle.prn
Beige Tile 8x8,Ceramic Coating,8.755,0.82826,0.17174,beigetle.prn
Beige Tile 8x8,Ceramic Coating,8.7255,0.83591,0.16409,beigetle.prn
Beige Tile 8x8,Ceramic Coating,8.6962,0.84462,0.15538,beigetle.prn
Beige Tile 8x8,Ceramic Coating,8.6671,0.85102,0.14898,beigetle.prn
Beige Tile 8x8,Ceramic Coating,8.6382,0.85525,0.14475,beigetle.prn
Beige Tile 8x8,Ceramic Coating,8.6095,0.85988,0.14012,beigetle.prn
Beige Tile 8x8,Ceramic Coating,8.581,0.86341,0.13659,beigetle.prn
Beige Tile 8x8,Ceramic Coating,8.5527,0.86855,0.13145,beigetle.prn
Beige Tile 8x8,Ceramic Coating,8.5246,0.87103,0.12897,beigetle.prn
Beige Tile 8x8,Ceramic Coating,8.4966,0.87501,0.12499,beigetle.prn
Beige Tile 8x8,Ceramic Coating,8.4688,0.87962,0.12038,beigetle.prn
Beige Tile 8x8,Ceramic Coating,8.4413,0.88349,0.11651,beigetle.prn
Beige Tile 8x8,Ceramic Coating,8.4139,0.88599,0.11401,beigetle.prn
Beige Tile 8x8,Ceramic Coating,8.3866,0.88817,0.11183,beigetle.prn
Beige Tile 8x8,Ceramic Coating,8.3596,0.89488,0.10512,beigetle.prn
Beige Tile 8x8,Ceramic Coating,8.3327,0.89992,0.10008,beigetle.prn
Beige Tile 8x8,Ceramic Coating,8.306,0.90506,0.09494,beigetle.prn
Beige Tile 8x8,Ceramic Coating,8.2795,0.909,0.091,beigetle.prn
Beige Tile 8x8,Ceramic Coating,8.2531,0.91451,0.08549,beigetle.prn
Beige Tile 8x8,Ceramic Coating,8.2269,0.92035,0.07965,beigetle.prn
Beige Tile 8x8,Ceramic Coating,8.2008,0.92562,0.07438,beigetle.prn
Beige Tile 8x8,Ceramic Coating,8.175,0.93034,0.06966,beigetle.prn
Beige Tile 8x8,Ceramic Coating,8.1493,0.93873,0.06127,beigetle.prn
Beige Tile 8x8,Ceramic Coating,8.1237,0.94664,0.05336,beigetle.prn
Beige Tile 8x8,Ceramic Coating,8.0983,0.95149,0.04851,beigetle.prn
Beige Tile 8x8,Ceramic Coating,8.0731,0.9594,0.0406,beigetle.prn
Beige Tile 8x8,Ceramic Coating,8.048,0.96663,0.03337,beigetle.prn
Beige Tile 8x8,Ceramic Coating,8.0231,0.97331,0.02669,beigetle.prn
Masonry m.cap-Natural,Ceramic Coating,13.9326,0.98376,0.01624,masonnat.prn
Masonry m.cap-Natural,Ceramic Coating,13.8581,0.98191,0.01809,masonnat.prn
Masonry m.cap-Natural,Ceramic Coating,13.7844,0.98058,0.01942,masonnat.prn
Masonry m.cap-Natural,Ceramic Coating,13.7115,0.97894,0.02106,masonnat.prn
Masonry m.cap-Natural,Ceramic Coating,13.6393,0.97793,0.02207,masonnat.prn
Masonry m.cap-Natural,Ceramic Coating,13.5679,0.9789,0.0211,masonnat.prn
Masonry m.cap-Natural,Ceramic Coating,13.4972,0.97907,0.02093,masonnat.prn
Masonry m.cap-Natural,Ceramic Coating,13.4273,0.97843,0.02157,masonnat.prn
Masonry m.cap-Natural,Ceramic Coating,13.3581,0.97912,0.02088,masonnat.prn
Masonry m.cap-Natural,Ceramic Coating,13.2896,0.97707,0.02293,masonnat.prn
Masonry m.cap-Natural,Ceramic Coating,13.2218,0.97852,0.02148,masonnat.prn
Masonry m.cap-Natural,Ceramic Coating,13.1546,0.97464,0.02536,masonnat.prn
Masonry m.cap-Natural,Ceramic Coating,13.0882,0.97615,0.02385,masonnat.prn
Masonry m.cap-Natural,Ceramic Coating,13.0224,0.97484,0.02516,masonnat.prn
Masonry m.cap-Natural,Ceramic Coating,12.9573,0.97308,0.02692,masonnat.prn
Masonry m.cap-Natural,Ceramic Coating,12.8929,0.97018,0.02982,masonnat.prn
Masonry m.cap-Natural,Ceramic Coating,12.829,0.9687,0.0313,masonnat.prn
Masonry m.cap-Natural,Ceramic Coating,12.7658,0.9687,0.0313,masonnat.prn
Masonry m.cap-Natural,Ceramic Coating,12.7033,0.96987,0.03013,masonnat.prn
Masonry m.cap-Natural,Ceramic Coating,12.6413,0.9673,0.0327,masonnat.prn
Masonry m.cap-Natural,Ceramic Coating,12.5799,0.9661,0.0339,masonnat.prn
Masonry m.cap-Natural,Ceramic Coating,12.5192,0.96611,0.03389,masonnat.prn
Masonry m.cap-Natural,Ceramic Coating,12.459,0.96772,0.03228,masonnat.prn
Masonry m.cap-Natural,Ceramic Coating,12.3994,0.97018,0.02982,masonnat.prn
Masonry m.cap-Natural,Ceramic Coating,12.3403,0.97235,0.02765,masonnat.prn
Masonry m.cap-Natural,Ceramic Coating,12.2818,0.97415,0.02585,masonnat.prn
Masonry m.cap-Natural,Ceramic Coating,12.2239,0.97486,0.02514,masonnat.prn
Masonry m.cap-Natural,Ceramic Coating,12.1665,0.9751,0.0249,masonnat.prn
Masonry m.cap-Natural,Ceramic Coating,12.1097,0.97093,0.02907,masonnat.prn
Masonry m.cap-Natural,Ceramic Coating,12.0533,0.97125,0.02875,masonnat.prn
Masonry m.cap-Natural,Ceramic Coating,11.9975,0.96967,0.03033,masonnat.prn
Masonry m.cap-Natural,Ceramic Coating,11.9422,0.96969,0.03031,masonnat.prn
Masonry m.cap-Natural,Ceramic Coating,11.8875,0.96883,0.03117,masonnat.prn
Masonry m.cap-Natural,Ceramic Coating,11.8332,0.96636,0.03364,masonnat.prn
Masonry m.cap-Natural,Ceramic Coating,11.7794,0.9646,0.0354,masonnat.prn
Masonry m.cap-Natural,Ceramic Coating,11.7261,0.96208,0.03792,masonnat.prn
Masonry m.cap-Natural,Ceramic Coating,11.6733,0.96001,0.03999,masonnat.prn
Masonry m.cap-Natural,Ceramic Coating,11.6209,0.95742,0.04258,masonnat.prn
Masonry m.cap-Natural,Ceramic Coating,11.569,0.95326,0.04674,masonnat.prn
Masonry m.cap-Natural,Ceramic Coating,11.5176,0.94578,0.05422,masonnat.prn
Masonry m.cap-Natural,Ceramic Coating,11.4667,0.94898,0.05102,masonnat.prn
Masonry m.cap-Natural,Ceramic Coating,11.4161,0.95676,0.04324,masonnat.prn
Masonry m.cap-Natural,Ceramic Coating,11.3661,0.96656,0.03344,masonnat.prn
Masonry m.cap-Natural,Ceramic Coating,11.3164,0.97222,0.02778,masonnat.prn
Masonry m.cap-Natural,Ceramic Coating,11.2672,0.9725,0.0275,masonnat.prn
Masonry m.cap-Natural,Ceramic Coating,11.2185,0.972,0.028,masonnat.prn
Masonry m.cap-Natural,Ceramic Coating,11.1701,0.97167,0.02833,masonnat.prn
Masonry m.cap-Natural,Ceramic Coating,11.1222,0.97346,0.02654,masonnat.prn
Masonry m.cap-Natural,Ceramic Coating,11.0746,0.97331,0.02669,masonnat.prn
Masonry m.cap-Natural,Ceramic Coating,11.0275,0.97198,0.02802,masonnat.prn
Masonry m.cap-Natural,Ceramic Coating,10.9808,0.97125,0.02875,masonnat.prn
Masonry m.cap-Natural,Ceramic Coating,10.9345,0.97095,0.02905,masonnat.prn
Masonry m.cap-Natural,Ceramic Coating,10.8885,0.9718,0.0282,masonnat.prn
Masonry m.cap-Natural,Ceramic Coating,10.8429,0.9703,0.0297,masonnat.prn
Masonry m.cap-Natural,Ceramic Coating,10.7978,0.96776,0.03224,masonnat.prn
Masonry m.cap-Natural,Ceramic Coating,10.753,0.96656,0.03344,masonnat.prn
Masonry m.cap-Natural,Ceramic Coating,10.7085,0.96629,0.03371,masonnat.prn
Masonry m.cap-Natural,Ceramic Coating,10.6645,0.96581,0.03419,masonnat.prn
Masonry m.cap-Natural,Ceramic Coating,10.6208,0.96567,0.03433,masonnat.prn
Masonry m.cap-Natural,Ceramic Coating,10.5774,0.96557,0.03443,masonnat.prn
Masonry m.cap-Natural,Ceramic Coating,10.5344,0.96483,0.03517,masonnat.prn
Masonry m.cap-Natural,Ceramic Coating,10.4918,0.967,0.033,masonnat.prn
Masonry m.cap-Natural,Ceramic Coating,10.4495,0.96595,0.03405,masonnat.prn
Masonry m.cap-Natural,Ceramic Coating,10.4075,0.96608,0.03392,masonnat.prn
Masonry m.cap-Natural,Ceramic Coating,10.3659,0.96774,0.03226,masonnat.prn
Masonry m.cap-Natural,Ceramic Coating,10.3246,0.96859,0.03141,masonnat.prn
Masonry m.cap-Natural,Ceramic Coating,10.2836,0.96743,0.03257,masonnat.prn
Masonry m.cap-Natural,Ceramic Coating,10.2429,0.96787,0.03213,masonnat.prn
Masonry m.cap-Natural,Ceramic Coating,10.2026,0.96814,0.03186,masonnat.prn
Masonry m.cap-Natural,Ceramic Coating,10.1626,0.96644,0.03356,masonnat.prn
Masonry m.cap-Natural,Ceramic Coating,10.1229,0.96676,0.03324,masonnat.prn
Masonry m.cap-Natural,Ceramic Coating,10.0835,0.96608,0.03392,masonnat.prn
Masonry m.cap-Natural,Ceramic Coating,10.0444,0.96568,0.03432,masonnat.prn
Masonry m.cap-Natural,Ceramic Coating,10.0057,0.9653,0.0347,masonnat.prn
Masonry m.cap-Natural,Ceramic Coating,9.9672,0.96525,0.03475,masonnat.prn
Masonry m.cap-Natural,Ceramic Coating,9.929,0.96622,0.03378,masonnat.prn
Masonry m.cap-Natural,Ceramic Coating,9.8911,0.96545,0.03455,masonnat.prn
Masonry m.cap-Natural,Ceramic Coating,9.8535,0.96441,0.03559,masonnat.prn
Masonry m.cap-Natural,Ceramic Coating,9.8162,0.96689,0.03311,masonnat.prn
Masonry m.cap-Natural,Ceramic Coating,9.7791,0.96708,0.03292,masonnat.prn
Masonry m.cap-Natural,Ceramic Coating,9.7424,0.96583,0.03417,masonnat.prn
Masonry m.cap-Natural,Ceramic Coating,9.7059,0.9669,0.0331,masonnat.prn
Masonry m.cap-Natural,Ceramic Coating,9.6697,0.9667,0.0333,masonnat.prn
Masonry m.cap-Natural,Ceramic Coating,9.6337,0.96666,0.03334,masonnat.prn
Masonry m.cap-Natural,Ceramic Coating,9.598,0.96512,0.03488,masonnat.prn
Masonry m.cap-Natural,Ceramic Coating,9.5626,0.96355,0.03645,masonnat.prn
Masonry m.cap-Natural,Ceramic Coating,9.5274,0.96312,0.03688,masonnat.prn
Masonry m.cap-Natural,Ceramic Coating,9.4925,0.96188,0.03812,masonnat.prn
Masonry m.cap-Natural,Ceramic Coating,9.4579,0.95859,0.04141,masonnat.prn
Masonry m.cap-Natural,Ceramic Coating,9.4235,0.95704,0.04296,masonnat.prn
Masonry m.cap-Natural,Ceramic Coating,9.3894,0.9547,0.0453,masonnat.prn
Masonry m.cap-Natural,Ceramic Coating,9.3555,0.95043,0.04957,masonnat.prn
Masonry m.cap-Natural,Ceramic Coating,9.3218,0.94881,0.05119,masonnat.prn
Masonry m.cap-Natural,Ceramic Coating,9.2884,0.9463,0.0537,masonnat.prn
Masonry m.cap-Natural,Ceramic Coating,9.2552,0.94485,0.05515,masonnat.prn
Masonry m.cap-Natural,Ceramic Coating,9.2223,0.9451,0.0549,masonnat.prn
Masonry m.cap-Natural,Ceramic Coating,9.1896,0.94517,0.05483,masonnat.prn
Masonry m.cap-Natural,Ceramic Coating,9.1571,0.94594,0.05406,masonnat.prn
Masonry m.cap-Natural,Ceramic Coating,9.1249,0.94593,0.05407,masonnat.prn
Masonry m.cap-Natural,Ceramic Coating,9.0929,0.94659,0.05341,masonnat.prn
Masonry m.cap-Natural,Ceramic Coating,9.0611,0.94614,0.05386,masonnat.prn
Masonry m.cap-Natural,Ceramic Coating,9.0295,0.94402,0.05598,masonnat.prn
Masonry m.cap-Natural,Ceramic Coating,8.9982,0.94544,0.05456,masonnat.prn
Masonry m.cap-Natural,Ceramic Coating,8.967,0.94513,0.05487,masonnat.prn
Masonry m.cap-Natural,Ceramic Coating,8.9361,0.94385,0.05615,masonnat.prn
Masonry m.cap-Natural,Ceramic Coating,8.9054,0.94179,0.05821,masonnat.prn
Masonry m.cap-Natural,Ceramic Coating,8.8749,0.94336,0.05664,masonnat.prn
Masonry m.cap-Natural,Ceramic Coating,8.8446,0.94064,0.05936,masonnat.prn
Masonry m.cap-Natural,Ceramic Coating,8.8145,0.94057,0.05943,masonnat.prn
Masonry m.cap-Natural,Ceramic Coating,8.7846,0.9385,0.0615,masonnat.prn
Masonry m.cap-Natural,Ceramic Coating,8.755,0.93834,0.06166,masonnat.prn
Masonry m.cap-Natural,Ceramic Coating,8.7255,0.93888,0.06112,masonnat.prn
Masonry m.cap-Natural,Ceramic Coating,8.6962,0.93873,0.06127,masonnat.prn
Masonry m.cap-Natural,Ceramic Coating,8.6671,0.938,0.062,masonnat.prn
Masonry m.cap-Natural,Ceramic Coating,8.6382,0.93844,0.06156,masonnat.prn
Masonry m.cap-Natural,Ceramic Coating,8.6095,0.93557,0.06443,masonnat.prn
Masonry m.cap-Natural,Ceramic Coating,8.581,0.93174,0.06826,masonnat.prn
Masonry m.cap-Natural,Ceramic Coating,8.5527,0.92869,0.07131,masonnat.prn
Masonry m.cap-Natural,Ceramic Coating,8.5246,0.92645,0.07355,masonnat.prn
Masonry m.cap-Natural,Ceramic Coating,8.4966,0.92234,0.07766,masonnat.prn
Masonry m.cap-Natural,Ceramic Coating,8.4688,0.91947,0.08053,masonnat.prn
Masonry m.cap-Natural,Ceramic Coating,8.4413,0.91745,0.08255,masonnat.prn
Masonry m.cap-Natural,Ceramic Coating,8.4139,0.91445,0.08555,masonnat.prn
Masonry m.cap-Natural,Ceramic Coating,8.3866,0.91073,0.08927,masonnat.prn
Masonry m.cap-Natural,Ceramic Coating,8.3596,0.90933,0.09067,masonnat.prn
Masonry m.cap-Natural,Ceramic Coating,8.3327,0.90877,0.09123,masonnat.prn
Masonry m.cap-Natural,Ceramic Coating,8.306,0.90694,0.09306,masonnat.prn
Masonry m.cap-Natural,Ceramic Coating,8.2795,0.90694,0.09306,masonnat.prn
Masonry m.cap-Natural,Ceramic Coating,8.2531,0.907,0.093,masonnat.prn
Masonry m.cap-Natural,Ceramic Coating,8.2269,0.90706,0.09294,masonnat.prn
Masonry m.cap-Natural,Ceramic Coating,8.2008,0.90612,0.09388,masonnat.prn
Masonry m.cap-Natural,Ceramic Coating,8.175,0.90983,0.09017,masonnat.prn
Masonry m.cap-Natural,Ceramic Coating,8.1493,0.91127,0.08873,masonnat.prn
Masonry m.cap-Natural,Ceramic Coating,8.1237,0.91423,0.08577,masonnat.prn
Masonry m.cap-Natural,Ceramic Coating,8.0983,0.91701,0.08299,masonnat.prn
Masonry m.cap-Natural,Ceramic Coating,8.0731,0.91905,0.08095,masonnat.prn
Masonry m.cap-Natural,Ceramic Coating,8.048,0.92079,0.07921,masonnat.prn
Masonry m.cap-Natural,Ceramic Coating,8.0231,0.92301,0.07699,masonnat.prn
Emissivity of Asphalt,Ceramic Coating,13.9326,0.97924,0.02076,asphalt.prn
Emissivity of Asphalt,Ceramic Coating,13.8581,0.97794,0.02206,asphalt.prn
Emissivity of Asphalt,Ceramic Coating,13.7844,0.97684,0.02316,asphalt.prn
Emissivity of Asphalt,Ceramic Coating,13.7115,0.9759,0.0241,asphalt.prn
Emissivity of Asphalt,Ceramic Coating,13.6393,0.97505,0.02495,asphalt.prn
Emissivity of Asphalt,Ceramic Coating,13.5679,0.97459,0.02541,asphalt.prn
Emissivity of Asphalt,Ceramic Coating,13.4972,0.97454,0.02546,asphalt.prn
Emissivity of Asphalt,Ceramic Coating,13.4273,0.97443,0.02557,asphalt.prn
Emissivity of Asphalt,Ceramic Coating,13.3581,0.9745,0.0255,asphalt.prn
Emissivity of Asphalt,Ceramic Coating,13.2896,0.97426,0.02574,asphalt.prn
Emissivity of Asphalt,Ceramic Coating,13.2218,0.97444,0.02556,asphalt.prn
Emissivity of Asphalt,Ceramic Coating,13.1546,0.97422,0.02578,asphalt.prn
Emissivity of Asphalt,Ceramic Coating,13.0882,0.9743,0.0257,asphalt.prn
Emissivity of Asphalt,Ceramic Coating,13.0224,0.97473,0.02527,asphalt.prn
Emissivity of Asphalt,Ceramic Coating,12.9573,0.97528,0.02472,asphalt.prn
Emissivity of Asphalt,Ceramic Coating,12.8929,0.97543,0.02457,asphalt.prn
Emissivity of Asphalt,Ceramic Coating,12.829,0.97525,0.02475,asphalt.prn
Emissivity of Asphalt,Ceramic Coating,12.7658,0.97486,0.02514,asphalt.prn
Emissivity of Asphalt,Ceramic Coating,12.7033,0.97444,0.02556,asphalt.prn
Emissivity of Asphalt,Ceramic Coating,12.6413,0.97386,0.02614,asphalt.prn
Emissivity of Asphalt,Ceramic Coating,12.5799,0.97359,0.02641,asphalt.prn
Emissivity of Asphalt,Ceramic Coating,12.5192,0.97369,0.02631,asphalt.prn
Emissivity of Asphalt,Ceramic Coating,12.459,0.97364,0.02636,asphalt.prn
Emissivity of Asphalt,Ceramic Coating,12.3994,0.97382,0.02618,asphalt.prn
Emissivity of Asphalt,Ceramic Coating,12.3403,0.9735,0.0265,asphalt.prn
Emissivity of Asphalt,Ceramic Coating,12.2818,0.9734,0.0266,asphalt.prn
Emissivity of Asphalt,Ceramic Coating,12.2239,0.97338,0.02662,asphalt.prn
Emissivity of Asphalt,Ceramic Coating,12.1665,0.97341,0.02659,asphalt.prn
Emissivity of Asphalt,Ceramic Coating,12.1097,0.97324,0.02676,asphalt.prn
Emissivity of Asphalt,Ceramic Coating,12.0533,0.97324,0.02676,asphalt.prn
Emissivity of Asphalt,Ceramic Coating,11.9975,0.97349,0.02651,asphalt.prn
Emissivity of Asphalt,Ceramic Coating,11.9422,0.97374,0.02626,asphalt.prn
Emissivity of Asphalt,Ceramic Coating,11.8875,0.97358,0.02642,asphalt.prn
Emissivity of Asphalt,Ceramic Coating,11.8332,0.9731,0.0269,asphalt.prn
Emissivity of Asphalt,Ceramic Coating,11.7794,0.97227,0.02773,asphalt.prn
Emissivity of Asphalt,Ceramic Coating,11.7261,0.97194,0.02806,asphalt.prn
Emissivity of Asphalt,Ceramic Coating,11.6733,0.9717,0.0283,asphalt.prn
Emissivity of Asphalt,Ceramic Coating,11.6209,0.9716,0.0284,asphalt.prn
Emissivity of Asphalt,Ceramic Coating,11.569,0.97092,0.02908,asphalt.prn
Emissivity of Asphalt,Ceramic Coating,11.5176,0.97038,0.02962,asphalt.prn
Emissivity of Asphalt,Ceramic Coating,11.4667,0.97052,0.02948,asphalt.prn
Emissivity of Asphalt,Ceramic Coating,11.4161,0.97034,0.02966,asphalt.prn
Emissivity of Asphalt,Ceramic Coating,11.3661,0.97041,0.02959,asphalt.prn
Emissivity of Asphalt,Ceramic Coating,11.3164,0.97032,0.02968,asphalt.prn
Emissivity of Asphalt,Ceramic Coating,11.2672,0.97068,0.02932,asphalt.prn
Emissivity of Asphalt,Ceramic Coating,11.2185,0.97089,0.02911,asphalt.prn
Emissivity of Asphalt,Ceramic Coating,11.1701,0.97097,0.02903,asphalt.prn
Emissivity of Asphalt,Ceramic Coating,11.1222,0.97111,0.02889,asphalt.prn
Emissivity of Asphalt,Ceramic Coating,11.0746,0.97121,0.02879,asphalt.prn
Emissivity of Asphalt,Ceramic Coating,11.0275,0.9714,0.0286,asphalt.prn
Emissivity of Asphalt,Ceramic Coating,10.9808,0.97126,0.02874,asphalt.prn
Emissivity of Asphalt,Ceramic Coating,10.9345,0.97103,0.02897,asphalt.prn
Emissivity of Asphalt,Ceramic Coating,10.8885,0.97087,0.02913,asphalt.prn
Emissivity of Asphalt,Ceramic Coating,10.8429,0.97093,0.02907,asphalt.prn
Emissivity of Asphalt,Ceramic Coating,10.7978,0.97086,0.02914,asphalt.prn
Emissivity of Asphalt,Ceramic Coating,10.753,0.97046,0.02954,asphalt.prn
Emissivity of Asphalt,Ceramic Coating,10.7085,0.97029,0.02971,asphalt.prn
Emissivity of Asphalt,Ceramic Coating,10.6645,0.97019,0.02981,asphalt.prn
Emissivity of Asphalt,Ceramic Coating,10.6208,0.97021,0.02979,asphalt.prn
Emissivity of Asphalt,Ceramic Coating,10.5774,0.96999,0.03001,asphalt.prn
Emissivity of Asphalt,Ceramic Coating,10.5344,0.97019,0.02981,asphalt.prn
Emissivity of Asphalt,Ceramic Coating,10.4918,0.97023,0.02977,asphalt.prn
Emissivity of Asphalt,Ceramic Coating,10.4495,0.97039,0.02961,asphalt.prn
Emissivity of Asphalt,Ceramic Coating,10.4075,0.97003,0.02997,asphalt.prn
Emissivity of Asphalt,Ceramic Coating,10.3659,0.97015,0.02985,asphalt.prn
Emissivity of Asphalt,Ceramic Coating,10.3246,0.97015,0.02985,asphalt.prn
Emissivity of Asphalt,Ceramic Coating,10.2836,0.97023,0.02977,asphalt.prn
Emissivity of Asphalt,Ceramic Coating,10.2429,0.96993,0.03007,asphalt.prn
Emissivity of Asphalt,Ceramic Coating,10.2026,0.96969,0.03031,asphalt.prn
Emissivity of Asphalt,Ceramic Coating,10.1626,0.96968,0.03032,asphalt.prn
Emissivity of Asphalt,Ceramic Coating,10.1229,0.96936,0.03064,asphalt.prn
Emissivity of Asphalt,Ceramic Coating,10.0835,0.96906,0.03094,asphalt.prn
Emissivity of Asphalt,Ceramic Coating,10.0444,0.96855,0.03145,asphalt.prn
Emissivity of Asphalt,Ceramic Coating,10.0057,0.96856,0.03144,asphalt.prn
Emissivity of Asphalt,Ceramic Coating,9.9672,0.96865,0.03135,asphalt.prn
Emissivity of Asphalt,Ceramic Coating,9.929,0.96905,0.03095,asphalt.prn
Emissivity of Asphalt,Ceramic Coating,9.8911,0.96888,0.03112,asphalt.prn
Emissivity of Asphalt,Ceramic Coating,9.8535,0.96884,0.03116,asphalt.prn
Emissivity of Asphalt,Ceramic Coating,9.8162,0.96832,0.03168,asphalt.prn
Emissivity of Asphalt,Ceramic Coating,9.7791,0.96843,0.03157,asphalt.prn
Emissivity of Asphalt,Ceramic Coating,9.7424,0.96853,0.03147,asphalt.prn
Emissivity of Asphalt,Ceramic Coating,9.7059,0.9688,0.0312,asphalt.prn
Emissivity of Asphalt,Ceramic Coating,9.6697,0.96933,0.03067,asphalt.prn
Emissivity of Asphalt,Ceramic Coating,9.6337,0.96948,0.03052,asphalt.prn
Emissivity of Asphalt,Ceramic Coating,9.598,0.96952,0.03048,asphalt.prn
Emissivity of Asphalt,Ceramic Coating,9.5626,0.96893,0.03107,asphalt.prn
Emissivity of Asphalt,Ceramic Coating,9.5274,0.96864,0.03136,asphalt.prn
Emissivity of Asphalt,Ceramic Coating,9.4925,0.96875,0.03125,asphalt.prn
Emissivity of Asphalt,Ceramic Coating,9.4579,0.96891,0.03109,asphalt.prn
Emissivity of Asphalt,Ceramic Coating,9.4235,0.96921,0.03079,asphalt.prn
Emissivity of Asphalt,Ceramic Coating,9.3894,0.96918,0.03082,asphalt.prn
Emissivity of Asphalt,Ceramic Coating,9.3555,0.9692,0.0308,asphalt.prn
Emissivity of Asphalt,Ceramic Coating,9.3218,0.96921,0.03079,asphalt.prn
Emissivity of Asphalt,Ceramic Coating,9.2884,0.96921,0.03079,asphalt.prn
Emissivity of Asphalt,Ceramic Coating,9.2552,0.96909,0.03091,asphalt.prn
Emissivity of Asphalt,Ceramic Coating,9.2223,0.96869,0.03131,asphalt.prn
Emissivity of Asphalt,Ceramic Coating,9.1896,0.96821,0.03179,asphalt.prn
Emissivity of Asphalt,Ceramic Coating,9.1571,0.96761,0.03239,asphalt.prn
Emissivity of Asphalt,Ceramic Coating,9.1249,0.96701,0.03299,asphalt.prn
Emissivity of Asphalt,Ceramic Coating,9.0929,0.9664,0.0336,asphalt.prn
Emissivity of Asphalt,Ceramic Coating,9.0611,0.96597,0.03403,asphalt.prn
Emissivity of Asphalt,Ceramic Coating,9.0295,0.96576,0.03424,asphalt.prn
Emissivity of Asphalt,Ceramic Coating,8.9982,0.96568,0.03432,asphalt.prn
Emissivity of Asphalt,Ceramic Coating,8.967,0.96545,0.03455,asphalt.prn
Emissivity of Asphalt,Ceramic Coating,8.9361,0.9652,0.0348,asphalt.prn
Emissivity of Asphalt,Ceramic Coating,8.9054,0.96542,0.03458,asphalt.prn
Emissivity of Asphalt,Ceramic Coating,8.8749,0.96591,0.03409,asphalt.prn
Emissivity of Asphalt,Ceramic Coating,8.8446,0.96664,0.03336,asphalt.prn
Emissivity of Asphalt,Ceramic Coating,8.8145,0.96686,0.03314,asphalt.prn
Emissivity of Asphalt,Ceramic Coating,8.7846,0.96727,0.03273,asphalt.prn
Emissivity of Asphalt,Ceramic Coating,8.755,0.96768,0.03232,asphalt.prn
Emissivity of Asphalt,Ceramic Coating,8.7255,0.96837,0.03163,asphalt.prn
Emissivity of Asphalt,Ceramic Coating,8.6962,0.96927,0.03073,asphalt.prn
Emissivity of Asphalt,Ceramic Coating,8.6671,0.9696,0.0304,asphalt.prn
Emissivity of Asphalt,Ceramic Coating,8.6382,0.97037,0.02963,asphalt.prn
Emissivity of Asphalt,Ceramic Coating,8.6095,0.97068,0.02932,asphalt.prn
Emissivity of Asphalt,Ceramic Coating,8.581,0.97097,0.02903,asphalt.prn
Emissivity of Asphalt,Ceramic Coating,8.5527,0.97074,0.02926,asphalt.prn
Emissivity of Asphalt,Ceramic Coating,8.5246,0.97086,0.02914,asphalt.prn
Emissivity of Asphalt,Ceramic Coating,8.4966,0.97128,0.02872,asphalt.prn
Emissivity of Asphalt,Ceramic Coating,8.4688,0.97174,0.02826,asphalt.prn
Emissivity of Asphalt,Ceramic Coating,8.4413,0.97195,0.02805,asphalt.prn
Emissivity of Asphalt,Ceramic Coating,8.4139,0.97229,0.02771,asphalt.prn
Emissivity of Asphalt,Ceramic Coating,8.3866,0.97265,0.02735,asphalt.prn
Emissivity of Asphalt,Ceramic Coating,8.3596,0.97305,0.02695,asphalt.prn
Emissivity of Asphalt,Ceramic Coating,8.3327,0.97358,0.02642,asphalt.prn
Emissivity of Asphalt,Ceramic Coating,8.306,0.97397,0.02603,asphalt.prn
Emissivity of Asphalt,Ceramic Coating,8.2795,0.97476,0.02524,asphalt.prn
Emissivity of Asphalt,Ceramic Coating,8.2531,0.97499,0.02501,asphalt.prn
Emissivity of Asphalt,Ceramic Coating,8.2269,0.97533,0.02467,asphalt.prn
Emissivity of Asphalt,Ceramic Coating,8.2008,0.97576,0.02424,asphalt.prn
Emissivity of Asphalt,Ceramic Coating,8.175,0.97653,0.02347,asphalt.prn
Emissivity of Asphalt,Ceramic Coating,8.1493,0.97719,0.02281,asphalt.prn
Emissivity of Asphalt,Ceramic Coating,8.1237,0.97749,0.02251,asphalt.prn
Emissivity of Asphalt,Ceramic Coating,8.0983,0.97773,0.02227,asphalt.prn
Emissivity of Asphalt,Ceramic Coating,8.0731,0.97796,0.02204,asphalt.prn
Emissivity of Asphalt,Ceramic Coating,8.048,0.97823,0.02177,asphalt.prn
Emissivity of Asphalt,Ceramic Coating,8.0231,0.97812,0.02188,asphalt.prn
Auyona Flagstone - Buckskin Color,Ceramic Coating,13.9326,0.97891,0.02109,flagbuck.prn
Auyona Flagstone - Buckskin Color,Ceramic Coating,13.8581,0.98025,0.01975,flagbuck.prn
Auyona Flagstone - Buckskin Color,Ceramic Coating,13.7844,0.97652,0.02348,flagbuck.prn
Auyona Flagstone - Buckskin Color,Ceramic Coating,13.7115,0.97676,0.02324,flagbuck.prn
Auyona Flagstone - Buckskin Color,Ceramic Coating,13.6393,0.97748,0.02252,flagbuck.prn
Auyona Flagstone - Buckskin Color,Ceramic Coating,13.5679,0.9765,0.0235,flagbuck.prn
Auyona Flagstone - Buckskin Color,Ceramic Coating,13.4972,0.97519,0.02481,flagbuck.prn
Auyona Flagstone - Buckskin Color,Ceramic Coating,13.4273,0.9747,0.0253,flagbuck.prn
Auyona Flagstone - Buckskin Color,Ceramic Coating,13.3581,0.97366,0.02634,flagbuck.prn
Auyona Flagstone - Buckskin Color,Ceramic Coating,13.2896,0.9701,0.0299,flagbuck.prn
Auyona Flagstone - Buckskin Color,Ceramic Coating,13.2218,0.9712,0.0288,flagbuck.prn
Auyona Flagstone - Buckskin Color,Ceramic Coating,13.1546,0.97096,0.02904,flagbuck.prn
Auyona Flagstone - Buckskin Color,Ceramic Coating,13.0882,0.97021,0.02979,flagbuck.prn
Auyona Flagstone - Buckskin Color,Ceramic Coating,13.0224,0.97156,0.02844,flagbuck.prn
Auyona Flagstone - Buckskin Color,Ceramic Coating,12.9573,0.97028,0.02972,flagbuck.prn
Auyona Flagstone - Buckskin Color,Ceramic Coating,12.8929,0.96581,0.03419,flagbuck.prn
Auyona Flagstone - Buckskin Color,Ceramic Coating,12.829,0.96535,0.03465,flagbuck.prn
Auyona Flagstone - Buckskin Color,Ceramic Coating,12.7658,0.96432,0.03568,flagbuck.prn
Auyona Flagstone - Buckskin Color,Ceramic Coating,12.7033,0.96716,0.03284,flagbuck.prn
Auyona Flagstone - Buckskin Color,Ceramic Coating,12.6413,0.96847,0.03153,flagbuck.prn
Auyona Flagstone - Buckskin Color,Ceramic Coating,12.5799,0.96646,0.03354,flagbuck.prn
Auyona Flagstone - Buckskin Color,Ceramic Coating,12.5192,0.97031,0.02969,flagbuck.prn
Auyona Flagstone - Buckskin Color,Ceramic Coating,12.459,0.97428,0.02572,flagbuck.prn
Auyona Flagstone - Buckskin Color,Ceramic Coating,12.3994,0.97857,0.02143,flagbuck.prn
Auyona Flagstone - Buckskin Color,Ceramic Coating,12.3403,0.9813,0.0187,flagbuck.prn
Auyona Flagstone - Buckskin Color,Ceramic Coating,12.2818,0.98354,0.01646,flagbuck.prn
Auyona Flagstone - Buckskin Color,Ceramic Coating,12.2239,0.98205,0.01795,flagbuck.prn
Auyona Flagstone - Buckskin Color,Ceramic Coating,12.1665,0.98243,0.01757,flagbuck.prn
Auyona Flagstone - Buckskin Color,Ceramic Coating,12.1097,0.98239,0.01761,flagbuck.prn
Auyona Flagstone - Buckskin Color,Ceramic Coating,12.0533,0.97911,0.02089,flagbuck.prn
Auyona Flagstone - Buckskin Color,Ceramic Coating,11.9975,0.97631,0.02369,flagbuck.prn
Auyona Flagstone - Buckskin Color,Ceramic Coating,11.9422,0.97519,0.02481,flagbuck.prn
Auyona Flagstone - Buckskin Color,Ceramic Coating,11.8875,0.97359,0.02641,flagbuck.prn
Auyona Flagstone - Buckskin Color,Ceramic Coating,11.8332,0.97262,0.02738,flagbuck.prn
Auyona Flagstone - Buckskin Color,Ceramic Coating,11.7794,0.96988,0.03012,flagbuck.prn
Auyona Flagstone - Buckskin Color,Ceramic Coating,11.7261,0.96839,0.03161,flagbuck.prn
Auyona Flagstone - Buckskin Color,Ceramic Coating,11.6733,0.96892,0.03108,flagbuck.prn
Auyona Flagstone - Buckskin Color,Ceramic Coating,11.6209,0.96638,0.03362,flagbuck.prn
Auyona Flagstone - Buckskin Color,Ceramic Coating,11.569,0.96671,0.03329,flagbuck.prn
Auyona Flagstone - Buckskin Color,Ceramic Coating,11.5176,0.96631,0.03369,flagbuck.prn
Auyona Flagstone - Buckskin Color,Ceramic Coating,11.4667,0.96562,0.03438,flagbuck.prn
Auyona Flagstone - Buckskin Color,Ceramic Coating,11.4161,0.96535,0.03465,flagbuck.prn
Auyona Flagstone - Buckskin Color,Ceramic Coating,11.3661,0.96394,0.03606,flagbuck.prn
Auyona Flagstone - Buckskin Color,Ceramic Coating,11.3164,0.96361,0.03639,flagbuck.prn
Auyona Flagstone - Buckskin Color,Ceramic Coating,11.2672,0.96281,0.03719,flagbuck.prn
Auyona Flagstone - Buckskin Color,Ceramic Coating,11.2185,0.96483,0.03517,flagbuck.prn
Auyona Flagstone - Buckskin Color,Ceramic Coating,11.1701,0.9627,0.0373,flagbuck.prn
Auyona Flagstone - Buckskin Color,Ceramic Coating,11.1222,0.96358,0.03642,flagbuck.prn
Auyona Flagstone - Buckskin Color,Ceramic Coating,11.0746,0.96381,0.03619,flagbuck.prn
Auyona Flagstone - Buckskin Color,Ceramic Coating,11.0275,0.96412,0.03588,flagbuck.prn
Auyona Flagstone - Buckskin Color,Ceramic Coating,10.9808,0.96464,0.03536,flagbuck.prn
Auyona Flagstone - Buckskin Color,Ceramic Coating,10.9345,0.96453,0.03547,flagbuck.prn
Auyona Flagstone - Buckskin Color,Ceramic Coating,10.8885,0.96538,0.03462,flagbuck.prn
Auyona Flagstone - Buckskin Color,Ceramic Coating,10.8429,0.96594,0.03406,flagbuck.prn
Auyona Flagstone - Buckskin Color,Ceramic Coating,10.7978,0.96472,0.03528,flagbuck.prn
Auyona Flagstone - Buckskin Color,Ceramic Coating,10.753,0.96335,0.03665,flagbuck.prn
Auyona Flagstone - Buckskin Color,Ceramic Coating,10.7085,0.96399,0.03601,flagbuck.prn
Auyona Flagstone - Buckskin Color,Ceramic Coating,10.6645,0.963,0.037,flagbuck.prn
Auyona Flagstone - Buckskin Color,Ceramic Coating,10.6208,0.96332,0.03668,flagbuck.prn
Auyona Flagstone - Buckskin Color,Ceramic Coating,10.5774,0.96209,0.03791,flagbuck.prn
Auyona Flagstone - Buckskin Color,Ceramic Coating,10.5344,0.96066,0.03934,flagbuck.prn
Auyona Flagstone - Buckskin Color,Ceramic Coating,10.4918,0.95973,0.04027,flagbuck.prn
Auyona Flagstone - Buckskin Color,Ceramic Coating,10.4495,0.95969,0.04031,flagbuck.prn
Auyona Flagstone - Buckskin Color,Ceramic Coating,10.4075,0.95809,0.04191,flagbuck.prn
Auyona Flagstone - Buckskin Color,Ceramic Coating,10.3659,0.95783,0.04217,flagbuck.prn
Auyona Flagstone - Buckskin Color,Ceramic Coating,10.3246,0.95725,0.04275,flagbuck.prn
Auyona Flagstone - Buckskin Color,Ceramic Coating,10.2836,0.95528,0.04472,flagbuck.prn
Auyona Flagstone - Buckskin Color,Ceramic Coating,10.2429,0.95359,0.04641,flagbuck.prn
Auyona Flagstone - Buckskin Color,Ceramic Coating,10.2026,0.94995,0.05005,flagbuck.prn
Auyona Flagstone - Buckskin Color,Ceramic Coating,10.1626,0.9498,0.0502,flagbuck.prn
Auyona Flagstone - Buckskin Color,Ceramic Coating,10.1229,0.94836,0.05164,flagbuck.prn
Auyona Flagstone - Buckskin Color,Ceramic Coating,10.0835,0.94597,0.05403,flagbuck.prn
Auyona Flagstone - Buckskin Color,Ceramic Coating,10.0444,0.94277,0.05723,flagbuck.prn
Auyona Flagstone - Buckskin Color,Ceramic Coating,10.0057,0.94181,0.05819,flagbuck.prn
Auyona Flagstone - Buckskin Color,Ceramic Coating,9.9672,0.93961,0.06039,flagbuck.prn
Auyona Flagstone - Buckskin Color,Ceramic Coating,9.929,0.93894,0.06106,flagbuck.prn
Auyona Flagstone - Buckskin Color,Ceramic Coating,9.8911,0.93573,0.06427,flagbuck.prn
Auyona Flagstone - Buckskin Color,Ceramic Coating,9.8535,0.93288,0.06712,flagbuck.prn
Auyona Flagstone - Buckskin Color,Ceramic Coating,9.8162,0.93145,0.06855,flagbuck.prn
Auyona Flagstone - Buckskin Color,Ceramic Coating,9.7791,0.92895,0.07105,flagbuck.prn
Auyona Flagstone - Buckskin Color,Ceramic Coating,9.7424,0.92714,0.07286,flagbuck.prn
Auyona Flagstone - Buckskin Color,Ceramic Coating,9.7059,0.92384,0.07616,flagbuck.prn
Auyona Flagstone - Buckskin Color,Ceramic Coating,9.6697,0.92017,0.07983,flagbuck.prn
Auyona Flagstone - Buckskin Color,Ceramic Coating,9.6337,0.9166,0.0834,flagbuck.prn
Auyona Flagstone - Buckskin Color,Ceramic Coating,9.598,0.91245,0.08755,flagbuck.prn
Auyona Flagstone - Buckskin Color,Ceramic Coating,9.5626,0.90936,0.09064,flagbuck.prn
Auyona Flagstone - Buckskin Color,Ceramic Coating,9.5274,0.90476,0.09524,flagbuck.prn
Auyona Flagstone - Buckskin Color,Ceramic Coating,9.4925,0.90029,0.09971,flagbuck.prn
Auyona Flagstone - Buckskin Color,Ceramic Coating,9.4579,0.89831,0.10169,flagbuck.prn
Auyona Flagstone - Buckskin Color,Ceramic Coating,9.4235,0.88918,0.11082,flagbuck.prn
Auyona Flagstone - Buckskin Color,Ceramic Coating,9.3894,0.88287,0.11713,flagbuck.prn
Auyona Flagstone - Buckskin Color,Ceramic Coating,9.3555,0.87466,0.12534,flagbuck.prn
Auyona Flagstone - Buckskin Color,Ceramic Coating,9.3218,0.86898,0.13102,flagbuck.prn
Auyona Flagstone - Buckskin Color,Ceramic Coating,9.2884,0.86835,0.13165,flagbuck.prn
Auyona Flagstone - Buckskin Color,Ceramic Coating,9.2552,0.86601,0.13399,flagbuck.prn
Auyona Flagstone - Buckskin Color,Ceramic Coating,9.2223,0.86772,0.13228,flagbuck.prn
Auyona Flagstone - Buckskin Color,Ceramic Coating,9.1896,0.8679,0.1321,flagbuck.prn
Auyona Flagstone - Buckskin Color,Ceramic Coating,9.1571,0.86558,0.13442,flagbuck.prn
Auyona Flagstone - Buckskin Color,Ceramic Coating,9.1249,0.86549,0.13451,flagbuck.prn
Auyona Flagstone - Buckskin Color,Ceramic Coating,9.0929,0.86828,0.13172,flagbuck.prn
Auyona Flagstone - Buckskin Color,Ceramic Coating,9.0611,0.86771,0.13229,flagbuck.prn
Auyona Flagstone - Buckskin Color,Ceramic Coating,9.0295,0.86921,0.13079,flagbuck.prn
Auyona Flagstone - Buckskin Color,Ceramic Coating,8.9982,0.87129,0.12871,flagbuck.prn
Auyona Flagstone - Buckskin Color,Ceramic Coating,8.967,0.87232,0.12768,flagbuck.prn
Auyona Flagstone - Buckskin Color,Ceramic Coating,8.9361,0.87143,0.12857,flagbuck.prn
Auyona Flagstone - Buckskin Color,Ceramic Coating,8.9054,0.8732,0.1268,flagbuck.prn
Auyona Flagstone - Buckskin Color,Ceramic Coating,8.8749,0.87548,0.12452,flagbuck.prn
Auyona Flagstone - Buckskin Color,Ceramic Coating,8.8446,0.87713,0.12287,flagbuck.prn
Auyona Flagstone - Buckskin Color,Ceramic Coating,8.8145,0.87858,0.12142,flagbuck.prn
Auyona Flagstone - Buckskin Color,Ceramic Coating,8.7846,0.87857,0.12143,flagbuck.prn
Auyona Flagstone - Buckskin Color,Ceramic Coating,8.755,0.88179,0.11821,flagbuck.prn
Auyona Flagstone - Buckskin Color,Ceramic Coating,8.7255,0.88417,0.11583,flagbuck.prn
Auyona Flagstone - Buckskin Color,Ceramic Coating,8.6962,0.88616,0.11384,flagbuck.prn
Auyona Flagstone - Buckskin Color,Ceramic Coating,8.6671,0.89199,0.10801,flagbuck.prn
Auyona Flagstone - Buckskin Color,Ceramic Coating,8.6382,0.89611,0.10389,flagbuck.prn
Auyona Flagstone - Buckskin Color,Ceramic Coating,8.6095,0.89138,0.10862,flagbuck.prn
Auyona Flagstone - Buckskin Color,Ceramic Coating,8.581,0.88345,0.11655,flagbuck.prn
Auyona Flagstone - Buckskin Color,Ceramic Coating,8.5527,0.87811,0.12189,flagbuck.prn
Auyona Flagstone - Buckskin Color,Ceramic Coating,8.5246,0.87752,0.12248,flagbuck.prn
Auyona Flagstone - Buckskin Color,Ceramic Coating,8.4966,0.87441,0.12559,flagbuck.prn
Auyona Flagstone - Buckskin Color,Ceramic Coating,8.4688,0.87074,0.12926,flagbuck.prn
Auyona Flagstone - Buckskin Color,Ceramic Coating,8.4413,0.86563,0.13437,flagbuck.prn
Auyona Flagstone - Buckskin Color,Ceramic Coating,8.4139,0.85868,0.14132,flagbuck.prn
Auyona Flagstone - Buckskin Color,Ceramic Coating,8.3866,0.85433,0.14567,flagbuck.prn
Auyona Flagstone - Buckskin Color,Ceramic Coating,8.3596,0.85181,0.14819,flagbuck.prn
Auyona Flagstone - Buckskin Color,Ceramic Coating,8.3327,0.84701,0.15299,flagbuck.prn
Auyona Flagstone - Buckskin Color,Ceramic Coating,8.306,0.84322,0.15678,flagbuck.prn
Auyona Flagstone - Buckskin Color,Ceramic Coating,8.2795,0.8392,0.1608,flagbuck.prn
Auyona Flagstone - Buckskin Color,Ceramic Coating,8.2531,0.83715,0.16285,flagbuck.prn
Auyona Flagstone - Buckskin Color,Ceramic Coating,8.2269,0.8379,0.1621,flagbuck.prn
Auyona Flagstone - Buckskin Color,Ceramic Coating,8.2008,0.83825,0.16175,flagbuck.prn
Auyona Flagstone - Buckskin Color,Ceramic Coating,8.175,0.84538,0.15462,flagbuck.prn
Auyona Flagstone - Buckskin Color,Ceramic Coating,8.1493,0.85189,0.14811,flagbuck.prn
Auyona Flagstone - Buckskin Color,Ceramic Coating,8.1237,0.86234,0.13766,flagbuck.prn
Auyona Flagstone - Buckskin Color,Ceramic Coating,8.0983,0.87439,0.12561,flagbuck.prn
Auyona Flagstone - Buckskin Color,Ceramic Coating,8.0731,0.88509,0.11491,flagbuck.prn
Auyona Flagstone - Buckskin Color,Ceramic Coating,8.048,0.89465,0.10535,flagbuck.prn
Auyona Flagstone - Buckskin Color,Ceramic Coating,8.0231,0.90634,0.09366,flagbuck.prn
